{
  "Motor_Nerve_Conduction_Studies": [
    {
      "Nerve_Muscles": "\"\"\"\"",
      "Stimulus_Site": "Elbow",
      "Latency_ms": "6.8",
      "Distance_cm": "11.0",
      "Amplitude_mv": "0.9",
      "NCV_ms": "35.2"
    },
    {
      "Nerve_Muscles": "Lt. tibial AH",
      "Stimulus_Site": "A",
      "Latency_ms": "4.9",
      "Distance_cm": "7.0",
      "Amplitude_mv": "6.0",
      "NCV_ms": "-"
    },
    {
      "Nerve_Muscles": "",
      "Stimulus_Site": "P. KNEE",
      "Latency_ms": "18.6",
      "Distance_cm": "9.0",
      "Amplitude_mv": "1.4",
      "NCV_ms": "40.1"
    },
    {
      "Nerve_Muscles": "P. Elbow",
      "Stimulus_Site": "P. Elbow",
      "Latency_ms": "NR",
      "Distance_cm": "NR",
      "Amplitude_mv": "NR",
      "NCV_ms": "NR"
    }
  ],
  "Sensory_Nerve_Conduction_Studies": [
    {
      "Nerve": "Rt. Ulnar",
      "Recording_Site": "F5",
      "Stimulation_Site": "Wrist",
      "Latency_ms": "2.2",
      "Distance_cm": "14.0",
      "Amplitude_uv": "17.0",
      "NCV_ms": "64.6"
    },
    {
      "Nerve": "Rt. Sural",
      "Recording_Site": "Ankle",
      "Stimulation_Site": "Calf",
      "Latency_ms": "2.6",
      "Distance_cm": "13.0",
      "Amplitude_uv": "8.1",
      "NCV_ms": "49.5"
    },
    {
      "Nerve": "Bilateral ulnar sensory nerves",
      "Recording_Site": null,
      "Stimulation_Site": "F5",
      "Latency_ms": "normal peak latencies",
      "Distance_cm": null,
      "Amplitude_uv": "normal SNAP amplitudes",
      "NCV_ms": "normal conduction velocities"
    }
  ],
  "Electromyography": [
    {
      "Muscles": "Lt. EDC",
      "Fibs": "Nil",
      "Psw": "Nil",
      "Others": "None",
      "Amp": "High",
      "Duration": "Long",
      "Polys": "No",
      "Recruit": "RFR",
      "Interference": "Reduced"
    },
    {
      "Muscles": "NR",
      "Fibs": "NR",
      "Psw": "NR",
      "Others": "None",
      "Amp": "NR",
      "Duration": "NR",
      "Polys": "NR",
      "Recruit": "NR",
      "Interference": "ete tae ee"
    },
    {
      "Muscles": "right first dorsal interosseous (FDI)",
      "Fibs": null,
      "Psw": null,
      "Others": "no motor units record",
      "Amp": null,
      "Duration": null,
      "Polys": null,
      "Recruit": null,
      "Interference": null
    },
    {
      "Muscles": "Lt. Gastroc",
      "Fibs": "+++",
      "Psw": "+++",
      "Others": "None",
      "Amp": "Normal",
      "Duration": "Normal",
      "Polys": "No",
      "Recruit": "RFR",
      "Interference": "Reduced"
    }
  ]
}