{
  "Motor_Nerve_Conduction_Studies": [
    {
      "Nerve_Muscles": "| Elbow |",
      "Stimulus_Site": "| Elbow |",
      "Latency_ms": "NR",
      "Distance_cm": "NR",
      "Amplitude_mv": "NR",
      "NCV_ms": "NR"
    },
    {
      "Nerve_Muscles": "Rt. Peroneal TA",
      "Stimulus_Site": "PK",
      "Latency_ms": "NR",
      "Distance_cm": "NR",
      "Amplitude_mv": "NR",
      "NCV_ms": "NR"
    },
    {
      "Nerve_Muscles": "Lt. Median APB",
      "Stimulus_Site": "E",
      "Latency_ms": "5.7",
      "Distance_cm": "23.0",
      "Amplitude_mv": "6.1",
      "NCV_ms": "69.8"
    }
  ],
  "Sensory_Nerve_Conduction_Studies": [
    {
      "Nerve": "Rt. Ulnar",
      "Recording_Site": "F5",
      "Stimulation_Site": "W",
      "Latency_ms": "2.5",
      "Distance_cm": "13.0",
      "Amplitude_uv": "18.8",
      "NCV_ms": "51.9"
    }
  ],
  "Electromyography": [
    {
      "Muscles": "right thoracic paraspinal (TPS)",
      "Fibs": null,
      "Psw": null,
      "Others": "technically difficult TD",
      "Amp": null,
      "Duration": null,
      "Polys": null,
      "Recruit": null,
      "Interference": null
    },
    {
      "Muscles": "i Spontaneous Activity Motor Units ita Muscles |\" Fibs | Psw | Others | Amp | Duration | Polys. | Recruit | Interference Lt.FDI [| +2 [ +2 [ None | High | Long | No | RFR_| Reduced _ (RETA [| +3 | +3 [None | ~FewHigh | FewLong | =No | Normal | = [Rt.Gastroc [ +2 | +2 [ None | FewHigh | FewLong | No | Normal | =",
      "Fibs": "Lt. FDI",
      "Psw": "NR",
      "Others": "NR",
      "Amp": "None",
      "Duration": "NR",
      "Polys": "NR",
      "Recruit": "NR",
      "Interference": "NR"
    },
    {
      "Muscles": "Rt. Gastroc",
      "Fibs": "+2",
      "Psw": "+2",
      "Others": "None",
      "Amp": "Few High",
      "Duration": "Few Long",
      "Polys": "No",
      "Recruit": "Normal",
      "Interference": "-"
    },
    {
      "Muscles": "right biceps",
      "Fibs": null,
      "Psw": null,
      "Others": "active denervation, with normal Motor Unit Action Potential (MUAPs)",
      "Amp": null,
      "Duration": null,
      "Polys": null,
      "Recruit": "normal",
      "Interference": "normal"
    },
    {
      "Muscles": "Lt. Vastus",
      "Fibs": "Nil",
      "Psw": "Nil",
      "Others": "None",
      "Amp": "Normal",
      "Duration": "Normal",
      "Polys": "No",
      "Recruit": "Normal",
      "Interference": "-"
    },
    {
      "Muscles": "left first dorsal interosseous (FDI)",
      "Fibs": "active denervation activity",
      "Psw": null,
      "Others": null,
      "Amp": null,
      "Duration": null,
      "Polys": "neurogenic Motor Unit Action Potential (MUAPs)",
      "Recruit": "rapid firing rate (RFR) recruitment",
      "Interference": "reduced interference pattern"
    },
    {
      "Muscles": "left tibialis anterior (TA) and gastrocnemius",
      "Fibs": "N/A",
      "Psw": "N/A",
      "Others": "active denervation activity, with neurogenic Motor Unit Action Potential (MUAPs), rapid firing rate recruitment",
      "Amp": "N/A",
      "Duration": "N/A",
      "Polys": "N/A",
      "Recruit": "N/A",
      "Interference": "reduced interference pattern"
    },
    {
      "Muscles": "left tibialis anterior (TA) and right first dorsal interosseous (FDI)",
      "Fibs": null,
      "Psw": null,
      "Others": "active denervation, with neurogenic Motor Unit Action Potential (MUAPs), rapid firing rate (RFR)",
      "Amp": null,
      "Duration": null,
      "Polys": null,
      "Recruit": "rapid firing rate (RFR)",
      "Interference": "reduced"
    }
  ]
}