{
  "Motor_Nerve_Conduction_Studies": [
    {
      "Nerve_Muscles": "Lt. Peroneal TA",
      "Stimulus_Site": "D. KNEE",
      "Latency_ms": "2.7",
      "Distance_cm": "7.0",
      "Amplitude_mv": "0.9",
      "NCV_ms": "-"
    },
    {
      "Nerve_Muscles": "Lt. Median APB",
      "Stimulus_Site": "Wrist",
      "Latency_ms": "4.1",
      "Distance_cm": "7.0",
      "Amplitude_mv": "1.3",
      "NCV_ms": "-"
    },
    {
      "Nerve_Muscles": "Stimulus site",
      "Stimulus_Site": "Stimulus site",
      "Latency_ms": "ms",
      "Distance_cm": "cm",
      "Amplitude_mv": "Amplitude mv",
      "NCV_ms": "ms"
    },
    {
      "Nerve_Muscles": "“ “ “ “ “",
      "Stimulus_Site": "P. KNEE",
      "Latency_ms": "13.1",
      "Distance_cm": "10.0",
      "Amplitude_mv": "0.9",
      "NCV_ms": "39.1"
    },
    {
      "Nerve_Muscles": "Stimulus Latenc Distance | Amplitude NCV F.LAT. Duration | Rt.MedianAPB [| Wrist [| NR | NR | NR | NR | - [| = | _Rt.UlnarADQ [Wrist [| 24 | 70 | 15 | - | - | = Pp SSS D.Elbow [727 | 24.009 5003 - PSS P.Elbow [94 | 8 |e | _RtRadialEIP | Forearm | 5.6 | 70 #2x| O05 [| - | - | =: J SS [Elbow [94 T1800 | 084 PS [Triceps | 125) | S120 S| 3 000 Ce | Rt.Post.tibial AH [Ankle [43 =| 70 =| = = 3.7 ST TC a ee ee | ee ee 7 ee ee es ee Eee |_Rt PeronealEDB [| Ankle -]| 39. | 7.0. | 30 |e de PS DKnee [119 | 35048 Pog SSS | PKnee | 138. | 2 90. | 13 | AOS de | ItMedigtAPB | Wrist | 44 | 70-43 fs ee Pe SS | Elbow, | | 10.0 |: 280 . | 09-48 | | Lt.UlnarADQ | Wrist, | 3.1 | 70 TCC PCT Elbow | 880] 40347 Pee OP Elbow | 90.8 yO) A Ad [| Lt.RadialEIP_ [Forearm [| 36 | 7.0 | 14 #,| - | - | - | a Rs = es ee << ee eee ee ea a es | ee ee eee",
      "Stimulus_Site": "Rt. Peroneal EDB",
      "Latency_ms": "NR",
      "Distance_cm": "NR",
      "Amplitude_mv": "NR",
      "NCV_ms": "NR"
    },
    {
      "Nerve_Muscles": "\" \"",
      "Stimulus_Site": "D. KNEE",
      "Latency_ms": "8.6",
      "Distance_cm": "30.0",
      "Amplitude_mv": "1.0",
      "NCV_ms": "51.3"
    }
  ],
  "Sensory_Nerve_Conduction_Studies": [],
  "Electromyography": [
    {
      "Muscles": "Lt. EDC",
      "Fibs": "Nil",
      "Psw": "Nil",
      "Others": "None",
      "Amp": "High",
      "Duration": "Long",
      "Polys": "No",
      "Recruit": "RFR",
      "Interference": "Reduced"
    },
    {
      "Muscles": "right orbicularis oris (Orbi. Oris)",
      "Fibs": null,
      "Psw": null,
      "Others": null,
      "Amp": null,
      "Duration": null,
      "Polys": null,
      "Recruit": null,
      "Interference": null
    },
    {
      "Muscles": "gastrocnemius",
      "Fibs": null,
      "Psw": null,
      "Others": "active denervation activity, with neurogenic Motor Unit Action Potential (MUAPs), rapid firing rate (RFR) recruitment and reduced interference pattern",
      "Amp": null,
      "Duration": null,
      "Polys": null,
      "Recruit": null,
      "Interference": null
    },
    {
      "Muscles": "Rt. Triceps",
      "Fibs": "Nil",
      "Psw": "Nil",
      "Others": "None",
      "Amp": "Normal",
      "Duration": "Normal",
      "Polys": "No",
      "Recruit": "Normal",
      "Interference": "-"
    },
    {
      "Muscles": "Lt. TA",
      "Fibs": "Nil",
      "Psw": "Nil",
      "Others": "None",
      "Amp": "High",
      "Duration": "Long",
      "Polys": "No",
      "Recruit": "Normal",
      "Interference": "-"
    },
    {
      "Muscles": "i Spontaneous Activity Motor Units ita Muscles |\" Fibs | Psw | Others | Amp | Duration | Polys. | Recruit | Interference Lt.FDI [| +2 [ +2 [ None | High | Long | No | RFR_| Reduced _ (RETA [| +3 | +3 [None | ~FewHigh | FewLong | =No | Normal | = [Rt.Gastroc [ +2 | +2 [ None | FewHigh | FewLong | No | Normal | =",
      "Fibs": "Lt. FDI",
      "Psw": "NR",
      "Others": "NR",
      "Amp": "None",
      "Duration": "NR",
      "Polys": "NR",
      "Recruit": "NR",
      "Interference": "NR"
    }
  ]
}