{
  "Motor_Nerve_Conduction_Studies": [
    {
      "Nerve_Muscles": "\" \"",
      "Stimulus_Site": "D. KNEE",
      "Latency_ms": "8.6",
      "Distance_cm": "30.0",
      "Amplitude_mv": "1.0",
      "NCV_ms": "51.3"
    },
    {
      "Nerve_Muscles": "Right median (APB)",
      "Stimulus_Site": null,
      "Latency_ms": "normal",
      "Distance_cm": null,
      "Amplitude_mv": "normal CМАР",
      "NCV_ms": "normal"
    }
  ],
  "Sensory_Nerve_Conduction_Studies": [
    {
      "Nerve": "Lt. Ulnar",
      "Recording_Site": "F5",
      "Stimulation_Site": "WRIST",
      "Latency_ms": "2.6",
      "Distance_cm": "13.0",
      "Amplitude_uv": "26.3",
      "NCV_ms": "50.7"
    }
  ],
  "Electromyography": [
    {
      "Muscles": "right orbicularis oris (Orbi. Oris)",
      "Fibs": null,
      "Psw": null,
      "Others": null,
      "Amp": null,
      "Duration": null,
      "Polys": null,
      "Recruit": null,
      "Interference": null
    },
    {
      "Muscles": "Rt. FDI",
      "Fibs": "++",
      "Psw": "++",
      "Others": "Nil",
      "Amp": "None",
      "Duration": "High",
      "Polys": "Long",
      "Recruit": "No",
      "Interference": "RFR"
    },
    {
      "Muscles": "vastus lateralis (VL)",
      "Fibs": null,
      "Psw": null,
      "Others": "active denervation activity, with neurogenic Motor Unit Action Potential (MUAPs), rapid firing rate (RFR) recruitment and reduced interference pattern",
      "Amp": null,
      "Duration": null,
      "Polys": null,
      "Recruit": null,
      "Interference": null
    },
    {
      "Muscles": "gastrocnemius",
      "Fibs": null,
      "Psw": null,
      "Others": "active denervation activity, with neurogenic Motor Unit Action Potential (MUAPs), rapid firing rate (RFR) recruitment and reduced interference pattern",
      "Amp": null,
      "Duration": null,
      "Polys": null,
      "Recruit": null,
      "Interference": null
    },
    {
      "Muscles": "Lt. FDI",
      "Fibs": "+2",
      "Psw": "+2",
      "Others": "None",
      "Amp": "High",
      "Duration": "Long",
      "Polys": "No",
      "Recruit": "RFR",
      "Interference": "Reduced"
    },
    {
      "Muscles": "Lt. EDC",
      "Fibs": "Nil",
      "Psw": "Nil",
      "Others": "None",
      "Amp": "High",
      "Duration": "Long",
      "Polys": "No",
      "Recruit": "RFR",
      "Interference": "Reduced"
    }
  ]
}