{
  "Motor_Nerve_Conduction_Studies": [
    {
      "Nerve_Muscles": "Left radial (EIP)",
      "Stimulus_Site": null,
      "Latency_ms": "normal distal latency",
      "Distance_cm": null,
      "Amplitude_mv": "low CMAP amplitude",
      "NCV_ms": "slow conduction velocity"
    },
    {
      "Nerve_Muscles": "Lt. tibial AH",
      "Stimulus_Site": "PK",
      "Latency_ms": "12.9",
      "Distance_cm": "40.0",
      "Amplitude_mv": "4.6",
      "NCV_ms": "49.9"
    },
    {
      "Nerve_Muscles": "Lt. Post. tibial AH",
      "Stimulus_Site": "KNEE",
      "Latency_ms": "14.4",
      "Distance_cm": "41.0",
      "Amplitude_mv": "3.6",
      "NCV_ms": "42.4"
    },
    {
      "Nerve_Muscles": "|Rt Ulnar",
      "Stimulus_Site": "NR",
      "Latency_ms": "NR",
      "Distance_cm": "NR",
      "Amplitude_mv": "| 14.0",
      "NCV_ms": "NR"
    }
  ],
  "Sensory_Nerve_Conduction_Studies": [],
  "Electromyography": [
    {
      "Muscles": "Rt. FDI",
      "Fibs": "+",
      "Psw": "+",
      "Others": "None",
      "Amp": "High",
      "Duration": "Long",
      "Polys": "No",
      "Recruit": "Normal",
      "Interference": "-"
    },
    {
      "Muscles": "left first dorsal interosseous (FDI) and extensor digitorum communis (EDC)",
      "Fibs": "N/A",
      "Psw": "N/A",
      "Others": "normal spontaneous activity, with neurogenic Motor Unit Action Potential (MUAPs), rapid firing rate (RFR) recruitment",
      "Amp": "N/A",
      "Duration": "N/A",
      "Polys": "N/A",
      "Recruit": "N/A",
      "Interference": "reduced interference pattern"
    },
    {
      "Muscles": "right vastus lateralis (VL)",
      "Fibs": null,
      "Psw": null,
      "Others": "active denervation activity, with normal Motor Unit Action Potential (MUAPs)",
      "Amp": null,
      "Duration": null,
      "Polys": null,
      "Recruit": "normal recruitment",
      "Interference": "normal interference pattern"
    },
    {
      "Muscles": "left tibialis anterior (TA) and right first dorsal interosseous (FDI)",
      "Fibs": null,
      "Psw": null,
      "Others": "active denervation, with neurogenic Motor Unit Action Potential (MUAPs), rapid firing rate (RFR)",
      "Amp": null,
      "Duration": null,
      "Polys": null,
      "Recruit": "rapid firing rate (RFR)",
      "Interference": "reduced"
    }
  ]
}