{
  "Motor_Nerve_Conduction_Studies": [
    {
      "Nerve_Muscles": "Lt. Ulnar ADQ",
      "Stimulus_Site": "WRIST",
      "Latency_ms": "3.9",
      "Distance_cm": "7.0",
      "Amplitude_mv": "3.2",
      "NCV_ms": "-"
    },
    {
      "Nerve_Muscles": "Rt. Median APB",
      "Stimulus_Site": "W",
      "Latency_ms": "3.6",
      "Distance_cm": "7.0",
      "Amplitude_mv": "5.0",
      "NCV_ms": "-"
    },
    {
      "Nerve_Muscles": "Nerve",
      "Stimulus_Site": "Recording Site",
      "Latency_ms": "Stimulation Site",
      "Distance_cm": "ms",
      "Amplitude_mv": "cm",
      "NCV_ms": "Amplitude Vv"
    },
    {
      "Nerve_Muscles": "Lt. tibial AH",
      "Stimulus_Site": "A",
      "Latency_ms": "4.9",
      "Distance_cm": "7.0",
      "Amplitude_mv": "6.0",
      "NCV_ms": "-"
    },
    {
      "Nerve_Muscles": "Right median (APB) motor",
      "Stimulus_Site": "",
      "Latency_ms": "normal",
      "Distance_cm": "",
      "Amplitude_mv": "low",
      "NCV_ms": "normal"
    },
    {
      "Nerve_Muscles": "\"\"\"\"\"\"",
      "Stimulus_Site": "Knee",
      "Latency_ms": "13.3",
      "Distance_cm": "45.0",
      "Amplitude_mv": "2.4",
      "NCV_ms": "49.8"
    }
  ],
  "Sensory_Nerve_Conduction_Studies": [
    {
      "Nerve": "Lt. Ulnar",
      "Recording_Site": "F5",
      "Stimulation_Site": "W",
      "Latency_ms": "2.8",
      "Distance_cm": "12.0",
      "Amplitude_uv": "19.9",
      "NCV_ms": "42.3"
    },
    {
      "Nerve": "Lt. Radial",
      "Recording_Site": "Snuff Box",
      "Stimulation_Site": "Fore Arm",
      "Latency_ms": "2.0",
      "Distance_cm": "13.0",
      "Amplitude_uv": "30.5",
      "NCV_ms": "66.5"
    }
  ],
  "Electromyography": [
    {
      "Muscles": "Rt. O. Oris",
      "Fibs": "Nil",
      "Psw": "Nil",
      "Others": "None",
      "Amp": "Normal",
      "Duration": "Normal",
      "Polys": "No",
      "Recruit": "Normal",
      "Interference": "-"
    },
    {
      "Muscles": "Lt. Gastroc",
      "Fibs": "+++",
      "Psw": "+++",
      "Others": "None",
      "Amp": "Normal",
      "Duration": "Normal",
      "Polys": "No",
      "Recruit": "RFR",
      "Interference": "Reduced"
    },
    {
      "Muscles": "right tibialis anterior (TA)",
      "Fibs": null,
      "Psw": null,
      "Others": "neurogenic Motor Unit Action Potential (MUAPs), rapid firing rate recruitment and reduced interference pattern",
      "Amp": null,
      "Duration": null,
      "Polys": null,
      "Recruit": null,
      "Interference": null
    },
    {
      "Muscles": "biceps",
      "Fibs": null,
      "Psw": null,
      "Others": "active denervation activity, with neurogenic Motor Unit Action Potential (MUAPs), rapid firing rate (RFR) recruitment and reduced interference pattern",
      "Amp": null,
      "Duration": null,
      "Polys": null,
      "Recruit": null,
      "Interference": null
    }
  ]
}