{
  "Motor_Nerve_Conduction_Studies": [
    {
      "Nerve_Muscles": "Right ulnar (ADQ)",
      "Stimulus_Site": "N/A",
      "Latency_ms": "normal distal latency",
      "Distance_cm": "N/A",
      "Amplitude_mv": "normal CMAP amplitude",
      "NCV_ms": "normal conduction velocity"
    },
    {
      "Nerve_Muscles": "Right Tibial motor",
      "Stimulus_Site": "",
      "Latency_ms": "NR",
      "Distance_cm": "",
      "Amplitude_mv": "NR",
      "NCV_ms": "NR"
    },
    {
      "Nerve_Muscles": "D. Elbow",
      "Stimulus_Site": "D. Elbow",
      "Latency_ms": "NR",
      "Distance_cm": "NR",
      "Amplitude_mv": "NR",
      "NCV_ms": "NR"
    },
    {
      "Nerve_Muscles": "“ “ “ “ “",
      "Stimulus_Site": "ELBOW",
      "Latency_ms": "8.5",
      "Distance_cm": "23.0",
      "Amplitude_mv": "4.3",
      "NCV_ms": "44.0"
    },
    {
      "Nerve_Muscles": "Stimulus Latenc Distance | Amplitude NCV F.LAT. Duration | Rt.MedianAPB [| Wrist [| NR | NR | NR | NR | - [| = | _Rt.UlnarADQ [Wrist [| 24 | 70 | 15 | - | - | = Pp SSS D.Elbow [727 | 24.009 5003 - PSS P.Elbow [94 | 8 |e | _RtRadialEIP | Forearm | 5.6 | 70 #2x| O05 [| - | - | =: J SS [Elbow [94 T1800 | 084 PS [Triceps | 125) | S120 S| 3 000 Ce | Rt.Post.tibial AH [Ankle [43 =| 70 =| = = 3.7 ST TC a ee ee | ee ee 7 ee ee es ee Eee |_Rt PeronealEDB [| Ankle -]| 39. | 7.0. | 30 |e de PS DKnee [119 | 35048 Pog SSS | PKnee | 138. | 2 90. | 13 | AOS de | ItMedigtAPB | Wrist | 44 | 70-43 fs ee Pe SS | Elbow, | | 10.0 |: 280 . | 09-48 | | Lt.UlnarADQ | Wrist, | 3.1 | 70 TCC PCT Elbow | 880] 40347 Pee OP Elbow | 90.8 yO) A Ad [| Lt.RadialEIP_ [Forearm [| 36 | 7.0 | 14 #,| - | - | - | a Rs = es ee << ee eee ee ea a es | ee ee eee",
      "Stimulus_Site": "Rt. Peroneal EDB",
      "Latency_ms": "NR",
      "Distance_cm": "NR",
      "Amplitude_mv": "NR",
      "NCV_ms": "NR"
    },
    {
      "Nerve_Muscles": "Rt. Ulnar ADQ",
      "Stimulus_Site": "DE",
      "Latency_ms": "5.4",
      "Distance_cm": "21.0",
      "Amplitude_mv": "6.4",
      "NCV_ms": "68.4"
    }
  ],
  "Sensory_Nerve_Conduction_Studies": [],
  "Electromyography": [
    {
      "Muscles": "right first dorsal interosseous (FDI), biceps, and tibialis anterior (TA)",
      "Fibs": null,
      "Psw": null,
      "Others": "active denervation activity, with neurogenic Motor Unit Action Potential (MUAPs)",
      "Amp": null,
      "Duration": null,
      "Polys": null,
      "Recruit": "rapid firing rate (RFR) recruitment",
      "Interference": "reduced interference pattern"
    },
    {
      "Muscles": "Rt. Gastroc",
      "Fibs": "+2",
      "Psw": "+2",
      "Others": "None",
      "Amp": "Few High",
      "Duration": "Few Long",
      "Polys": "No",
      "Recruit": "Normal",
      "Interference": "-"
    },
    {
      "Muscles": "right first dorsal interosseous (FDI)",
      "Fibs": null,
      "Psw": null,
      "Others": "no motor units record",
      "Amp": null,
      "Duration": null,
      "Polys": null,
      "Recruit": null,
      "Interference": null
    },
    {
      "Muscles": "Lt. Gastroc",
      "Fibs": "+++",
      "Psw": "+++",
      "Others": "None",
      "Amp": "Normal",
      "Duration": "Normal",
      "Polys": "No",
      "Recruit": "RFR",
      "Interference": "Reduced"
    },
    {
      "Muscles": "Rt. Biceps",
      "Fibs": "+",
      "Psw": "+",
      "Others": "None",
      "Amp": "Normal",
      "Duration": "Normal",
      "Polys": "No",
      "Recruit": "Normal",
      "Interference": "-"
    },
    {
      "Muscles": "gastrocnemius",
      "Fibs": null,
      "Psw": null,
      "Others": "active denervation activity, with neurogenic Motor Unit Action Potential (MUAPs), rapid firing rate (RFR) recruitment and reduced interference pattern",
      "Amp": null,
      "Duration": null,
      "Polys": null,
      "Recruit": null,
      "Interference": null
    },
    {
      "Muscles": "Rt. Triceps",
      "Fibs": "Nil",
      "Psw": "Nil",
      "Others": "None",
      "Amp": "Normal",
      "Duration": "Normal",
      "Polys": "No",
      "Recruit": "Normal",
      "Interference": "-"
    },
    {
      "Muscles": "Rt. Orbi. Oris",
      "Fibs": "+3",
      "Psw": "+3",
      "Others": "None",
      "Amp": "-",
      "Duration": "-",
      "Polys": "-",
      "Recruit": "-",
      "Interference": "-"
    }
  ]
}