{
  "Motor_Nerve_Conduction_Studies": [
    {
      "Nerve_Muscles": "\" \"",
      "Stimulus_Site": "D. KNEE",
      "Latency_ms": "8.6",
      "Distance_cm": "30.0",
      "Amplitude_mv": "1.0",
      "NCV_ms": "51.3"
    },
    {
      "Nerve_Muscles": "Lt. Peroneal EDB",
      "Stimulus_Site": "D. KNEE",
      "Latency_ms": "11.5",
      "Distance_cm": "32.0",
      "Amplitude_mv": "3.4",
      "NCV_ms": "46.5"
    },
    {
      "Nerve_Muscles": "Left peroneal (TA)",
      "Stimulus_Site": null,
      "Latency_ms": "normal",
      "Distance_cm": null,
      "Amplitude_mv": "low CMAP",
      "NCV_ms": "slow"
    },
    {
      "Nerve_Muscles": "D. Elbow",
      "Stimulus_Site": "D. Elbow",
      "Latency_ms": "NR",
      "Distance_cm": "NR",
      "Amplitude_mv": "NR",
      "NCV_ms": "NR"
    },
    {
      "Nerve_Muscles": "P. Elbow",
      "Stimulus_Site": "P. Elbow",
      "Latency_ms": "NR",
      "Distance_cm": "NR",
      "Amplitude_mv": "NR",
      "NCV_ms": "NR"
    }
  ],
  "Sensory_Nerve_Conduction_Studies": [
    {
      "Nerve": "Rt. Radial",
      "Recording_Site": "Snuff Box",
      "Stimulation_Site": "Fore Arm",
      "Latency_ms": "2.0",
      "Distance_cm": "13.0",
      "Amplitude_uv": "26.4",
      "NCV_ms": "66.5"
    },
    {
      "Nerve": "Lt. Sural",
      "Recording_Site": "ANKLE",
      "Stimulation_Site": "CALF",
      "Latency_ms": "2.4",
      "Distance_cm": "13.0",
      "Amplitude_uv": "19.1",
      "NCV_ms": "54.6"
    },
    {
      "Nerve": "Bilateral median sensory nerves",
      "Recording_Site": null,
      "Stimulation_Site": "F2",
      "Latency_ms": "normal peak latencies",
      "Distance_cm": null,
      "Amplitude_uv": "normal SNAP amplitudes",
      "NCV_ms": "normal conduction velocities"
    }
  ],
  "Electromyography": [
    {
      "Muscles": "right orbicularis oris (Orbi. Oris)",
      "Fibs": null,
      "Psw": null,
      "Others": null,
      "Amp": null,
      "Duration": null,
      "Polys": null,
      "Recruit": null,
      "Interference": null
    },
    {
      "Muscles": "right biceps",
      "Fibs": "N/A",
      "Psw": "N/A",
      "Others": "normal spontaneous activity, with normal Motor Unit Action Potential (MUAPs), rapid firing rate (RFR) recruitment",
      "Amp": "N/A",
      "Duration": "N/A",
      "Polys": "N/A",
      "Recruit": "N/A",
      "Interference": "reduced interference pattern"
    },
    {
      "Muscles": "right tibialis anterior (TA)",
      "Fibs": null,
      "Psw": null,
      "Others": "neurogenic Motor Unit Action Potential (MUAPs), rapid firing rate recruitment and reduced interference pattern",
      "Amp": null,
      "Duration": null,
      "Polys": null,
      "Recruit": null,
      "Interference": null
    },
    {
      "Muscles": "Rt. VL",
      "Fibs": "Nil",
      "Psw": "Nil",
      "Others": "None",
      "Amp": "Normal",
      "Duration": "Normal",
      "Polys": "No",
      "Recruit": "Normal",
      "Interference": "-"
    },
    {
      "Muscles": "Rt. Biceps",
      "Fibs": "+",
      "Psw": "+",
      "Others": "None",
      "Amp": "Few High",
      "Duration": "Few Long",
      "Polys": "No",
      "Recruit": "RFR",
      "Interference": "Reduced"
    }
  ]
}