{
  "Motor_Nerve_Conduction_Studies": [
    {
      "Nerve_Muscles": "Lt. Radial EIP",
      "Stimulus_Site": "Forearm",
      "Latency_ms": "3.6",
      "Distance_cm": "7.0",
      "Amplitude_mv": "1.4",
      "NCV_ms": "-"
    },
    {
      "Nerve_Muscles": "Bilateral posterior tibial (AH)",
      "Stimulus_Site": "N/A",
      "Latency_ms": "normal distal latencies",
      "Distance_cm": "N/A",
      "Amplitude_mv": "normal CMAP amplitudes",
      "NCV_ms": "slow conduction velocities"
    }
  ],
  "Sensory_Nerve_Conduction_Studies": [
    {
      "Nerve": "Bilateral median (F2)",
      "Recording_Site": null,
      "Stimulation_Site": null,
      "Latency_ms": null,
      "Distance_cm": null,
      "Amplitude_uv": null,
      "NCV_ms": null
    },
    {
      "Nerve": "Bilateral ulnar (F5)",
      "Recording_Site": null,
      "Stimulation_Site": null,
      "Latency_ms": null,
      "Distance_cm": null,
      "Amplitude_uv": null,
      "NCV_ms": null
    },
    {
      "Nerve": "Right ulnar",
      "Recording_Site": null,
      "Stimulation_Site": "F2",
      "Latency_ms": "normal peak",
      "Distance_cm": null,
      "Amplitude_uv": "normal SNAP",
      "NCV_ms": "normal"
    },
    {
      "Nerve": "Lt. Median",
      "Recording_Site": "F2",
      "Stimulation_Site": "W",
      "Latency_ms": "2.6",
      "Distance_cm": "13.0",
      "Amplitude_uv": "13.5",
      "NCV_ms": "50.7"
    }
  ],
  "Electromyography": [
    {
      "Muscles": "left tibialis anterior (TA) and right first dorsal interosseous (FDI)",
      "Fibs": null,
      "Psw": null,
      "Others": "active denervation, with neurogenic Motor Unit Action Potential (MUAPs), rapid firing rate (RFR)",
      "Amp": null,
      "Duration": null,
      "Polys": null,
      "Recruit": "rapid firing rate (RFR)",
      "Interference": "reduced"
    },
    {
      "Muscles": "Rt. VL",
      "Fibs": "++",
      "Psw": "++",
      "Others": "Nil",
      "Amp": "None",
      "Duration": "High",
      "Polys": "Long",
      "Recruit": "Ployphasic",
      "Interference": "RFR"
    },
    {
      "Muscles": "Lt. TA",
      "Fibs": "Nil",
      "Psw": "Nil",
      "Others": "None",
      "Amp": "High",
      "Duration": "Long",
      "Polys": "No",
      "Recruit": "Normal",
      "Interference": "-"
    },
    {
      "Muscles": "Rt. FDI",
      "Fibs": "+",
      "Psw": "+",
      "Others": "None",
      "Amp": "High",
      "Duration": "Long",
      "Polys": "No",
      "Recruit": "Normal",
      "Interference": "-"
    },
    {
      "Muscles": "right vastus lateralis (VL)",
      "Fibs": null,
      "Psw": null,
      "Others": "active denervation activity, with normal Motor Unit Action Potential (MUAPs)",
      "Amp": null,
      "Duration": null,
      "Polys": null,
      "Recruit": "normal recruitment",
      "Interference": "normal interference pattern"
    },
    {
      "Muscles": "Rt. Gastroc",
      "Fibs": "+2",
      "Psw": "+2",
      "Others": "None",
      "Amp": "Few High",
      "Duration": "Few Long",
      "Polys": "No",
      "Recruit": "Normal",
      "Interference": "-"
    },
    {
      "Muscles": "left first dorsal interosseous (FDI) and extensor digitorum communis (EDC)",
      "Fibs": "N/A",
      "Psw": "N/A",
      "Others": "normal spontaneous activity, with neurogenic Motor Unit Action Potential (MUAPs), rapid firing rate (RFR) recruitment",
      "Amp": "N/A",
      "Duration": "N/A",
      "Polys": "N/A",
      "Recruit": "N/A",
      "Interference": "reduced interference pattern"
    },
    {
      "Muscles": "vastus lateralis (VL)",
      "Fibs": null,
      "Psw": null,
      "Others": "active denervation activity, with neurogenic Motor Unit Action Potential (MUAPs), rapid firing rate (RFR) recruitment and reduced interference pattern",
      "Amp": null,
      "Duration": null,
      "Polys": null,
      "Recruit": null,
      "Interference": null
    }
  ]
}