{
  "Motor_Nerve_Conduction_Studies": [
    {
      "Nerve_Muscles": "Left radial (EIP)",
      "Stimulus_Site": null,
      "Latency_ms": "normal distal latency",
      "Distance_cm": null,
      "Amplitude_mv": "low CMAP amplitude",
      "NCV_ms": "slow conduction velocity"
    },
    {
      "Nerve_Muscles": "Right peroneal (TA) motor",
      "Stimulus_Site": "",
      "Latency_ms": "NR",
      "Distance_cm": "",
      "Amplitude_mv": "NR",
      "NCV_ms": "NR"
    },
    {
      "Nerve_Muscles": "Left peroneal (EDB)",
      "Stimulus_Site": null,
      "Latency_ms": null,
      "Distance_cm": null,
      "Amplitude_mv": "NR",
      "NCV_ms": null
    },
    {
      "Nerve_Muscles": "|Rt Ulnar",
      "Stimulus_Site": "NR",
      "Latency_ms": "NR",
      "Distance_cm": "NR",
      "Amplitude_mv": "| 14.0",
      "NCV_ms": "NR"
    },
    {
      "Nerve_Muscles": "Right median (APB) motor",
      "Stimulus_Site": "",
      "Latency_ms": "normal",
      "Distance_cm": "",
      "Amplitude_mv": "low",
      "NCV_ms": "normal"
    },
    {
      "Nerve_Muscles": "VWOMSULyY NSCIVS VUITUUGUUITT VLUUICS Site Site ms cm Vv ms (RtUlnr < i:S (SS Wrist S| 17.0 | 4",
      "Stimulus_Site": "Rt. Radial",
      "Latency_ms": "NR",
      "Distance_cm": "NR",
      "Amplitude_mv": "NR",
      "NCV_ms": "NR"
    }
  ],
  "Sensory_Nerve_Conduction_Studies": [
    {
      "Nerve": "Bilateral radial sensory nerves",
      "Recording_Site": null,
      "Stimulation_Site": null,
      "Latency_ms": "normal peak latencies",
      "Distance_cm": null,
      "Amplitude_uv": "normal SNAP amplitudes",
      "NCV_ms": "normal conduction velocities"
    },
    {
      "Nerve": "Lt. Ulnar",
      "Recording_Site": "F5",
      "Stimulation_Site": "WRIST",
      "Latency_ms": "2.6",
      "Distance_cm": "13.0",
      "Amplitude_uv": "26.3",
      "NCV_ms": "50.7"
    }
  ],
  "Electromyography": [
    {
      "Muscles": "Rt. Triceps",
      "Fibs": "Nil",
      "Psw": "Nil",
      "Others": "None",
      "Amp": "Normal",
      "Duration": "Normal",
      "Polys": "No",
      "Recruit": "Normal",
      "Interference": "-"
    },
    {
      "Muscles": "Rt. O. Oris",
      "Fibs": "Nil",
      "Psw": "Nil",
      "Others": "None",
      "Amp": "Normal",
      "Duration": "Normal",
      "Polys": "No",
      "Recruit": "Normal",
      "Interference": "-"
    },
    {
      "Muscles": "first dorsal interosseous (FDI)",
      "Fibs": null,
      "Psw": null,
      "Others": "active denervation activity, with neurogenic Motor Unit Action Potential (MUAPs), rapid firing rate (RFR) recruitment and reduced interference pattern",
      "Amp": null,
      "Duration": null,
      "Polys": null,
      "Recruit": null,
      "Interference": null
    },
    {
      "Muscles": "Rt. Orbi. Oris",
      "Fibs": "+3",
      "Psw": "+3",
      "Others": "None",
      "Amp": "-",
      "Duration": "-",
      "Polys": "-",
      "Recruit": "-",
      "Interference": "-"
    },
    {
      "Muscles": "i Spontaneous Activity Motor Units ita Muscles |\" Fibs | Psw | Others | Amp | Duration | Polys. | Recruit | Interference Lt.FDI [| +2 [ +2 [ None | High | Long | No | RFR_| Reduced _ (RETA [| +3 | +3 [None | ~FewHigh | FewLong | =No | Normal | = [Rt.Gastroc [ +2 | +2 [ None | FewHigh | FewLong | No | Normal | =",
      "Fibs": "Lt. FDI",
      "Psw": "NR",
      "Others": "NR",
      "Amp": "None",
      "Duration": "NR",
      "Polys": "NR",
      "Recruit": "NR",
      "Interference": "NR"
    },
    {
      "Muscles": "right first dorsal interosseous (FDI), biceps, and tibialis anterior (TA)",
      "Fibs": null,
      "Psw": null,
      "Others": "active denervation activity, with neurogenic Motor Unit Action Potential (MUAPs)",
      "Amp": null,
      "Duration": null,
      "Polys": null,
      "Recruit": "rapid firing rate (RFR) recruitment",
      "Interference": "reduced interference pattern"
    },
    {
      "Muscles": "Rt. TPS",
      "Fibs": "TD",
      "Psw": "TD",
      "Others": "TD",
      "Amp": "TD",
      "Duration": "-",
      "Polys": "-",
      "Recruit": "-",
      "Interference": "-"
    },
    {
      "Muscles": "Lt. FDI",
      "Fibs": "+2",
      "Psw": "+2",
      "Others": "None",
      "Amp": "High",
      "Duration": "Long",
      "Polys": "No",
      "Recruit": "RFR",
      "Interference": "Reduced"
    }
  ]
}