{
  "Motor_Nerve_Conduction_Studies": [
    {
      "Nerve_Muscles": "D. Elbow",
      "Stimulus_Site": "D. Elbow",
      "Latency_ms": "NR",
      "Distance_cm": "NR",
      "Amplitude_mv": "NR",
      "NCV_ms": "NR"
    },
    {
      "Nerve_Muscles": "Lt. Peroneal EDB",
      "Stimulus_Site": "DK",
      "Latency_ms": "8.9",
      "Distance_cm": "28.0",
      "Amplitude_mv": "4.4",
      "NCV_ms": "52.0"
    },
    {
      "Nerve_Muscles": "Lt. Radial EIP",
      "Stimulus_Site": "Forearm",
      "Latency_ms": "3.6",
      "Distance_cm": "7.0",
      "Amplitude_mv": "1.4",
      "NCV_ms": "-"
    }
  ],
  "Sensory_Nerve_Conduction_Studies": [
    {
      "Nerve": "Bilateral ulnar",
      "Recording_Site": null,
      "Stimulation_Site": "(F5)",
      "Latency_ms": "normal peak latencies",
      "Distance_cm": null,
      "Amplitude_uv": "normal SNAP amplitudes",
      "NCV_ms": "normal conduction velocities"
    },
    {
      "Nerve": "Lt. Radial",
      "Recording_Site": "Snuff Box",
      "Stimulation_Site": "Fore Arm",
      "Latency_ms": "2.0",
      "Distance_cm": "13.0",
      "Amplitude_uv": "30.5",
      "NCV_ms": "66.5"
    },
    {
      "Nerve": "Bilateral ulnar (F5)",
      "Recording_Site": null,
      "Stimulation_Site": null,
      "Latency_ms": null,
      "Distance_cm": null,
      "Amplitude_uv": null,
      "NCV_ms": null
    }
  ],
  "Electromyography": [
    {
      "Muscles": "right thoracic paraspinal (TPS)",
      "Fibs": null,
      "Psw": null,
      "Others": "technically difficult TD",
      "Amp": null,
      "Duration": null,
      "Polys": null,
      "Recruit": null,
      "Interference": null
    },
    {
      "Muscles": "right orbicularis oris (O.Oris)",
      "Fibs": null,
      "Psw": null,
      "Others": "normal spontaneous activity, with normal Motor Unit Action Potential (MUAPs)",
      "Amp": null,
      "Duration": null,
      "Polys": null,
      "Recruit": "normal recruitment",
      "Interference": "normal interference pattern"
    },
    {
      "Muscles": "right first dorsal interosseous (FDI)",
      "Fibs": null,
      "Psw": null,
      "Others": "no motor units record",
      "Amp": null,
      "Duration": null,
      "Polys": null,
      "Recruit": null,
      "Interference": null
    },
    {
      "Muscles": "left first dorsal interosseous (FDI)",
      "Fibs": "active denervation activity",
      "Psw": null,
      "Others": null,
      "Amp": null,
      "Duration": null,
      "Polys": "neurogenic Motor Unit Action Potential (MUAPs)",
      "Recruit": "rapid firing rate (RFR) recruitment",
      "Interference": "reduced interference pattern"
    },
    {
      "Muscles": "Lt. FDI",
      "Fibs": "+2",
      "Psw": "+2",
      "Others": "None",
      "Amp": "High",
      "Duration": "Long",
      "Polys": "No",
      "Recruit": "RFR",
      "Interference": "Reduced"
    },
    {
      "Muscles": "i Spontaneous Activity Motor Units ita Muscles |\" Fibs | Psw | Others | Amp | Duration | Polys. | Recruit | Interference Lt.FDI [| +2 [ +2 [ None | High | Long | No | RFR_| Reduced _ (RETA [| +3 | +3 [None | ~FewHigh | FewLong | =No | Normal | = [Rt.Gastroc [ +2 | +2 [ None | FewHigh | FewLong | No | Normal | =",
      "Fibs": "Lt. FDI",
      "Psw": "NR",
      "Others": "NR",
      "Amp": "None",
      "Duration": "NR",
      "Polys": "NR",
      "Recruit": "NR",
      "Interference": "NR"
    }
  ]
}