{
  "Motor_Nerve_Conduction_Studies": [
    {
      "Nerve_Muscles": "NR",
      "Stimulus_Site": "NR",
      "Latency_ms": "NR",
      "Distance_cm": "NR",
      "Amplitude_mv": "NR",
      "NCV_ms": "NR"
    },
    {
      "Nerve_Muscles": "\"\"\"\"\"\"",
      "Stimulus_Site": "D. Knee",
      "Latency_ms": "11.9",
      "Distance_cm": "35.0",
      "Amplitude_mv": "1.4",
      "NCV_ms": "43.4"
    },
    {
      "Nerve_Muscles": "Left median (APB)",
      "Stimulus_Site": null,
      "Latency_ms": "prolonged distal latency",
      "Distance_cm": null,
      "Amplitude_mv": "low CMAP amplitude",
      "NCV_ms": "normal conduction velocity"
    },
    {
      "Nerve_Muscles": "Lt. Radial",
      "Stimulus_Site": "Snuff Box",
      "Latency_ms": "NR",
      "Distance_cm": "NR",
      "Amplitude_mv": "NR",
      "NCV_ms": "NR"
    },
    {
      "Nerve_Muscles": "|Rt Ulnar",
      "Stimulus_Site": "NR",
      "Latency_ms": "NR",
      "Distance_cm": "NR",
      "Amplitude_mv": "| 14.0",
      "NCV_ms": "NR"
    }
  ],
  "Sensory_Nerve_Conduction_Studies": [
    {
      "Nerve": "Rt. Median",
      "Recording_Site": "F2",
      "Stimulation_Site": "WRIST",
      "Latency_ms": "2.7",
      "Distance_cm": "13.0",
      "Amplitude_uv": "38.0",
      "NCV_ms": "47.3"
    },
    {
      "Nerve": "Rt. Sural",
      "Recording_Site": "Ankle",
      "Stimulation_Site": "Calf",
      "Latency_ms": "2.6",
      "Distance_cm": "13.0",
      "Amplitude_uv": "8.1",
      "NCV_ms": "49.5"
    },
    {
      "Nerve": "Bilateral ulnar sensory nerves",
      "Recording_Site": null,
      "Stimulation_Site": "F5",
      "Latency_ms": "normal peak latencies",
      "Distance_cm": null,
      "Amplitude_uv": "normal SNAP amplitudes",
      "NCV_ms": "normal conduction velocities"
    },
    {
      "Nerve": "Rt. Ulnar",
      "Recording_Site": "F5",
      "Stimulation_Site": "Wrist",
      "Latency_ms": "2.2",
      "Distance_cm": "14.0",
      "Amplitude_uv": "17.0",
      "NCV_ms": "64.6"
    }
  ],
  "Electromyography": [
    {
      "Muscles": "right biceps",
      "Fibs": "N/A",
      "Psw": "N/A",
      "Others": "normal spontaneous activity, with normal Motor Unit Action Potential (MUAPs), rapid firing rate (RFR) recruitment",
      "Amp": "N/A",
      "Duration": "N/A",
      "Polys": "N/A",
      "Recruit": "N/A",
      "Interference": "reduced interference pattern"
    },
    {
      "Muscles": "right first dorsal interosseous (FDI)",
      "Fibs": null,
      "Psw": null,
      "Others": "no motor units record",
      "Amp": null,
      "Duration": null,
      "Polys": null,
      "Recruit": null,
      "Interference": null
    },
    {
      "Muscles": "biceps",
      "Fibs": null,
      "Psw": null,
      "Others": "active denervation activity, with neurogenic Motor Unit Action Potential (MUAPs), rapid firing rate (RFR) recruitment and reduced interference pattern",
      "Amp": null,
      "Duration": null,
      "Polys": null,
      "Recruit": null,
      "Interference": null
    },
    {
      "Muscles": "right thoracic paraspinal (TPS)",
      "Fibs": null,
      "Psw": null,
      "Others": "technically difficult TD",
      "Amp": null,
      "Duration": null,
      "Polys": null,
      "Recruit": null,
      "Interference": null
    },
    {
      "Muscles": "Rt. Gastroc",
      "Fibs": "+2",
      "Psw": "+2",
      "Others": "None",
      "Amp": "Few High",
      "Duration": "Few Long",
      "Polys": "No",
      "Recruit": "Normal",
      "Interference": "-"
    },
    {
      "Muscles": "NR",
      "Fibs": "NR",
      "Psw": "NR",
      "Others": "None",
      "Amp": "NR",
      "Duration": "NR",
      "Polys": "NR",
      "Recruit": "NR",
      "Interference": "ete tae ee"
    }
  ]
}