{
  "Motor_Nerve_Conduction_Studies": [
    {
      "Nerve_Muscles": "Right median (APB)",
      "Stimulus_Site": "N/A",
      "Latency_ms": "normal distal latency",
      "Distance_cm": "N/A",
      "Amplitude_mv": "normal CMAP amplitude",
      "NCV_ms": "normal conduction velocity"
    },
    {
      "Nerve_Muscles": "Bilateral posterior tibial (AH)",
      "Stimulus_Site": "N/A",
      "Latency_ms": "normal distal latencies",
      "Distance_cm": "N/A",
      "Amplitude_mv": "normal CMAP amplitudes",
      "NCV_ms": "slow conduction velocities"
    },
    {
      "Nerve_Muscles": "Rt. tibial AH",
      "Stimulus_Site": "A",
      "Latency_ms": "4.4",
      "Distance_cm": "7.0",
      "Amplitude_mv": "9.1",
      "NCV_ms": "-"
    },
    {
      "Nerve_Muscles": "Left posterior tibial (AH)",
      "Stimulus_Site": null,
      "Latency_ms": "prolonged",
      "Distance_cm": null,
      "Amplitude_mv": "low CMAP",
      "NCV_ms": "slow"
    },
    {
      "Nerve_Muscles": "Lt. Radial",
      "Stimulus_Site": "Snuff Box",
      "Latency_ms": "NR",
      "Distance_cm": "NR",
      "Amplitude_mv": "NR",
      "NCV_ms": "NR"
    }
  ],
  "Sensory_Nerve_Conduction_Studies": [
    {
      "Nerve": "Bilateral median (F2)",
      "Recording_Site": null,
      "Stimulation_Site": null,
      "Latency_ms": null,
      "Distance_cm": null,
      "Amplitude_uv": null,
      "NCV_ms": null
    },
    {
      "Nerve": "Right sural sensory nerve",
      "Recording_Site": null,
      "Stimulation_Site": null,
      "Latency_ms": "normal peak latency",
      "Distance_cm": null,
      "Amplitude_uv": "normal SNAP amplitude",
      "NCV_ms": "normal conduction velocity"
    },
    {
      "Nerve": "Rt. Radial",
      "Recording_Site": "Snuff Box",
      "Stimulation_Site": "Fore Arm",
      "Latency_ms": "2.0",
      "Distance_cm": "13.0",
      "Amplitude_uv": "26.4",
      "NCV_ms": "66.5"
    }
  ],
  "Electromyography": [
    {
      "Muscles": "right tibialis anterior (TA) and gastrocnemius",
      "Fibs": "active denervation activity",
      "Psw": null,
      "Others": null,
      "Amp": null,
      "Duration": null,
      "Polys": "neurogenic Motor Unit Action Potential (MUAPs)",
      "Recruit": "normal recruitment",
      "Interference": "normal interference pattern"
    },
    {
      "Muscles": "Rt. O. Oris",
      "Fibs": "Nil",
      "Psw": "Nil",
      "Others": "None",
      "Amp": "Normal",
      "Duration": "Normal",
      "Polys": "No",
      "Recruit": "Normal",
      "Interference": "-"
    },
    {
      "Muscles": "Rt. Triceps",
      "Fibs": "Nil",
      "Psw": "Nil",
      "Others": "None",
      "Amp": "Normal",
      "Duration": "Normal",
      "Polys": "No",
      "Recruit": "Normal",
      "Interference": "-"
    },
    {
      "Muscles": "Lt. Vastus",
      "Fibs": "Nil",
      "Psw": "Nil",
      "Others": "None",
      "Amp": "Normal",
      "Duration": "Normal",
      "Polys": "No",
      "Recruit": "Normal",
      "Interference": "-"
    },
    {
      "Muscles": "N/A",
      "Fibs": "N/A",
      "Psw": "N/A",
      "Others": "N/A",
      "Amp": "N/A",
      "Duration": "N/A",
      "Polys": "N/A",
      "Recruit": "N/A",
      "Interference": "N/A"
    }
  ]
}