{
  "Motor_Nerve_Conduction_Studies": [
    {
      "Nerve_Muscles": "Rt. tibial AH",
      "Stimulus_Site": "A",
      "Latency_ms": "4.4",
      "Distance_cm": "7.0",
      "Amplitude_mv": "9.1",
      "NCV_ms": "-"
    },
    {
      "Nerve_Muscles": "“ “ “ “ “",
      "Stimulus_Site": "D. KNEE",
      "Latency_ms": "10.5",
      "Distance_cm": "31.0",
      "Amplitude_mv": "1.0",
      "NCV_ms": "39.8"
    },
    {
      "Nerve_Muscles": "Nerve",
      "Stimulus_Site": "Recording Site",
      "Latency_ms": "Stimulation Site",
      "Distance_cm": "ms",
      "Amplitude_mv": "cm",
      "NCV_ms": "Amplitude Vv"
    },
    {
      "Nerve_Muscles": "Rt. Peroneal EDB",
      "Stimulus_Site": "P. KNEE",
      "Latency_ms": "13.6",
      "Distance_cm": "9.0",
      "Amplitude_mv": "0.8",
      "NCV_ms": "46.6"
    },
    {
      "Nerve_Muscles": "\"\"\"\"",
      "Stimulus_Site": "Elbow",
      "Latency_ms": "6.8",
      "Distance_cm": "11.0",
      "Amplitude_mv": "0.9",
      "NCV_ms": "35.2"
    }
  ],
  "Sensory_Nerve_Conduction_Studies": [
    {
      "Nerve": "Left sural",
      "Recording_Site": null,
      "Stimulation_Site": null,
      "Latency_ms": "normal peak",
      "Distance_cm": null,
      "Amplitude_uv": "normal SNAP",
      "NCV_ms": "normal"
    },
    {
      "Nerve": "Bilateral median sensory nerves",
      "Recording_Site": null,
      "Stimulation_Site": "F2",
      "Latency_ms": "normal peak latencies",
      "Distance_cm": null,
      "Amplitude_uv": "normal SNAP amplitudes",
      "NCV_ms": "normal conduction velocities"
    },
    {
      "Nerve": "Bilateral ulnar (F5)",
      "Recording_Site": null,
      "Stimulation_Site": null,
      "Latency_ms": null,
      "Distance_cm": null,
      "Amplitude_uv": null,
      "NCV_ms": null
    }
  ],
  "Electromyography": [
    {
      "Muscles": "N/A",
      "Fibs": "N/A",
      "Psw": "N/A",
      "Others": "N/A",
      "Amp": "N/A",
      "Duration": "N/A",
      "Polys": "N/A",
      "Recruit": "N/A",
      "Interference": "N/A"
    },
    {
      "Muscles": "Rt. Orbi. Oris",
      "Fibs": "+3",
      "Psw": "+3",
      "Others": "None",
      "Amp": "-",
      "Duration": "-",
      "Polys": "-",
      "Recruit": "-",
      "Interference": "-"
    },
    {
      "Muscles": "vastus lateralis (VL)",
      "Fibs": null,
      "Psw": null,
      "Others": "active denervation activity, with neurogenic Motor Unit Action Potential (MUAPs), rapid firing rate (RFR) recruitment and reduced interference pattern",
      "Amp": null,
      "Duration": null,
      "Polys": null,
      "Recruit": null,
      "Interference": null
    },
    {
      "Muscles": "right thoracic paraspinal (TPS)",
      "Fibs": null,
      "Psw": null,
      "Others": "technically difficult TD",
      "Amp": null,
      "Duration": null,
      "Polys": null,
      "Recruit": null,
      "Interference": null
    },
    {
      "Muscles": "gastrocnemius",
      "Fibs": null,
      "Psw": null,
      "Others": "active denervation activity, with neurogenic Motor Unit Action Potential (MUAPs), rapid firing rate (RFR) recruitment and reduced interference pattern",
      "Amp": null,
      "Duration": null,
      "Polys": null,
      "Recruit": null,
      "Interference": null
    },
    {
      "Muscles": "Lt. TA",
      "Fibs": "+",
      "Psw": "+",
      "Others": "None",
      "Amp": "Normal",
      "Duration": "Normal",
      "Polys": "No",
      "Recruit": "RFR",
      "Interference": "Reduced"
    },
    {
      "Muscles": "left tibialis anterior (TA) and right first dorsal interosseous (FDI)",
      "Fibs": null,
      "Psw": null,
      "Others": "active denervation, with neurogenic Motor Unit Action Potential (MUAPs), rapid firing rate (RFR)",
      "Amp": null,
      "Duration": null,
      "Polys": null,
      "Recruit": "rapid firing rate (RFR)",
      "Interference": "reduced"
    },
    {
      "Muscles": "right first dorsal interosseous (FDI)",
      "Fibs": null,
      "Psw": null,
      "Others": "no motor units record",
      "Amp": null,
      "Duration": null,
      "Polys": null,
      "Recruit": null,
      "Interference": null
    }
  ]
}