{
  "Motor_Nerve_Conduction_Studies": [
    {
      "Nerve_Muscles": "۱۱۱۱ ۱۱",
      "Stimulus_Site": "Triceps",
      "Latency_ms": "9.4",
      "Distance_cm": "10.0",
      "Amplitude_mv": "0.9",
      "NCV_ms": "38.3"
    },
    {
      "Nerve_Muscles": "Right median (APB) motor",
      "Stimulus_Site": "",
      "Latency_ms": "normal",
      "Distance_cm": "",
      "Amplitude_mv": "low",
      "NCV_ms": "normal"
    },
    {
      "Nerve_Muscles": "Lt. Peroneal TA",
      "Stimulus_Site": "D. KNEE",
      "Latency_ms": "2.7",
      "Distance_cm": "7.0",
      "Amplitude_mv": "0.9",
      "NCV_ms": "-"
    }
  ],
  "Sensory_Nerve_Conduction_Studies": [
    {
      "Nerve": "Rt. Sural",
      "Recording_Site": "Ankle",
      "Stimulation_Site": "Calf",
      "Latency_ms": "2.6",
      "Distance_cm": "13.0",
      "Amplitude_uv": "8.5",
      "NCV_ms": "49.5"
    }
  ],
  "Electromyography": [
    {
      "Muscles": "Rt. Biceps",
      "Fibs": "Nil",
      "Psw": "Nil",
      "Others": "None",
      "Amp": "Normal",
      "Duration": "Normal",
      "Polys": "No",
      "Recruit": "RFR",
      "Interference": "Reduced"
    },
    {
      "Muscles": "Rt. Gastroc",
      "Fibs": "+2",
      "Psw": "+2",
      "Others": "None",
      "Amp": "Few High",
      "Duration": "Few Long",
      "Polys": "No",
      "Recruit": "Normal",
      "Interference": "-"
    },
    {
      "Muscles": "biceps",
      "Fibs": null,
      "Psw": null,
      "Others": "active denervation activity, with neurogenic Motor Unit Action Potential (MUAPs), rapid firing rate (RFR) recruitment and reduced interference pattern",
      "Amp": null,
      "Duration": null,
      "Polys": null,
      "Recruit": null,
      "Interference": null
    },
    {
      "Muscles": "right tibialis anterior (TA)",
      "Fibs": null,
      "Psw": null,
      "Others": "neurogenic Motor Unit Action Potential (MUAPs), rapid firing rate recruitment and reduced interference pattern",
      "Amp": null,
      "Duration": null,
      "Polys": null,
      "Recruit": null,
      "Interference": null
    },
    {
      "Muscles": "left tibialis anterior (TA) and gastrocnemius",
      "Fibs": "N/A",
      "Psw": "N/A",
      "Others": "active denervation activity, with neurogenic Motor Unit Action Potential (MUAPs), rapid firing rate recruitment",
      "Amp": "N/A",
      "Duration": "N/A",
      "Polys": "N/A",
      "Recruit": "N/A",
      "Interference": "reduced interference pattern"
    },
    {
      "Muscles": "Rt. Triceps",
      "Fibs": "Nil",
      "Psw": "Nil",
      "Others": "None",
      "Amp": "Normal",
      "Duration": "Normal",
      "Polys": "No",
      "Recruit": "Normal",
      "Interference": "-"
    },
    {
      "Muscles": "left first dorsal interosseous (FDI)",
      "Fibs": "active denervation activity",
      "Psw": null,
      "Others": null,
      "Amp": null,
      "Duration": null,
      "Polys": "neurogenic Motor Unit Action Potential (MUAPs)",
      "Recruit": "rapid firing rate (RFR) recruitment",
      "Interference": "reduced interference pattern"
    },
    {
      "Muscles": "right orbicularis oris (Orbi. Oris)",
      "Fibs": null,
      "Psw": null,
      "Others": null,
      "Amp": null,
      "Duration": null,
      "Polys": null,
      "Recruit": null,
      "Interference": null
    }
  ]
}