{
  "Motor_Nerve_Conduction_Studies": [
    {
      "Nerve_Muscles": "P,. Elbow",
      "Stimulus_Site": "P,. Elbow",
      "Latency_ms": "NR",
      "Distance_cm": "NR",
      "Amplitude_mv": "NR",
      "NCV_ms": "NR"
    },
    {
      "Nerve_Muscles": "\"\"\"\"\"\"",
      "Stimulus_Site": "Knee",
      "Latency_ms": "13.3",
      "Distance_cm": "45.0",
      "Amplitude_mv": "2.4",
      "NCV_ms": "49.8"
    },
    {
      "Nerve_Muscles": "Lt. Peroneal EDB",
      "Stimulus_Site": "DK",
      "Latency_ms": "8.9",
      "Distance_cm": "28.0",
      "Amplitude_mv": "4.4",
      "NCV_ms": "52.0"
    }
  ],
  "Sensory_Nerve_Conduction_Studies": [
    {
      "Nerve": "Right ulnar",
      "Recording_Site": null,
      "Stimulation_Site": "(F5)",
      "Latency_ms": null,
      "Distance_cm": null,
      "Amplitude_uv": null,
      "NCV_ms": null
    },
    {
      "Nerve": "Right sural",
      "Recording_Site": "",
      "Stimulation_Site": "",
      "Latency_ms": "NR",
      "Distance_cm": "",
      "Amplitude_uv": "NR",
      "NCV_ms": "NR"
    },
    {
      "Nerve": "Lt. Ulnar",
      "Recording_Site": "F5",
      "Stimulation_Site": "Wrist",
      "Latency_ms": "2.3",
      "Distance_cm": "14.0",
      "Amplitude_uv": "38.1",
      "NCV_ms": "62.0"
    }
  ],
  "Electromyography": [
    {
      "Muscles": "left first dorsal interosseous (FDI) and extensor digitorum communis (EDC)",
      "Fibs": "N/A",
      "Psw": "N/A",
      "Others": "normal spontaneous activity, with neurogenic Motor Unit Action Potential (MUAPs), rapid firing rate (RFR) recruitment",
      "Amp": "N/A",
      "Duration": "N/A",
      "Polys": "N/A",
      "Recruit": "N/A",
      "Interference": "reduced interference pattern"
    },
    {
      "Muscles": "left first dorsal interosseous (FDI)",
      "Fibs": "active denervation activity",
      "Psw": null,
      "Others": null,
      "Amp": null,
      "Duration": null,
      "Polys": "neurogenic Motor Unit Action Potential (MUAPs)",
      "Recruit": "rapid firing rate (RFR) recruitment",
      "Interference": "reduced interference pattern"
    },
    {
      "Muscles": "right vastus lateralis (VL)",
      "Fibs": null,
      "Psw": null,
      "Others": "active denervation activity, with normal Motor Unit Action Potential (MUAPs)",
      "Amp": null,
      "Duration": null,
      "Polys": null,
      "Recruit": "normal recruitment",
      "Interference": "normal interference pattern"
    },
    {
      "Muscles": "NR",
      "Fibs": "NR",
      "Psw": "NR",
      "Others": "None",
      "Amp": "NR",
      "Duration": "NR",
      "Polys": "NR",
      "Recruit": "NR",
      "Interference": "ete tae ee"
    }
  ]
}