{
  "Motor_Nerve_Conduction_Studies": [
    {
      "Nerve_Muscles": "Bilateral posterior tibial (AH)",
      "Stimulus_Site": null,
      "Latency_ms": null,
      "Distance_cm": null,
      "Amplitude_mv": null,
      "NCV_ms": null
    },
    {
      "Nerve_Muscles": "Right ulnar motor",
      "Stimulus_Site": "",
      "Latency_ms": "NR",
      "Distance_cm": "",
      "Amplitude_mv": "NR",
      "NCV_ms": "NR"
    },
    {
      "Nerve_Muscles": "VV VV VV VA",
      "Stimulus_Site": "Triceps",
      "Latency_ms": "NR",
      "Distance_cm": "NR",
      "Amplitude_mv": "NR",
      "NCV_ms": "NR"
    }
  ],
  "Sensory_Nerve_Conduction_Studies": [
    {
      "Nerve": "Lt. Sural",
      "Recording_Site": "A",
      "Stimulation_Site": "Calf",
      "Latency_ms": "2.0",
      "Distance_cm": "13.0",
      "Amplitude_uv": "16.6",
      "NCV_ms": "65.5"
    },
    {
      "Nerve": "Lt. Radial",
      "Recording_Site": "Snuff Box",
      "Stimulation_Site": "Fore Arm",
      "Latency_ms": "2.0",
      "Distance_cm": "13.0",
      "Amplitude_uv": "30.5",
      "NCV_ms": "66.5"
    },
    {
      "Nerve": "Bilateral median (F2)",
      "Recording_Site": null,
      "Stimulation_Site": null,
      "Latency_ms": null,
      "Distance_cm": null,
      "Amplitude_uv": null,
      "NCV_ms": null
    },
    {
      "Nerve": "Rt. Ulnar",
      "Recording_Site": "F5",
      "Stimulation_Site": "Wrist",
      "Latency_ms": "2.2",
      "Distance_cm": "14.0",
      "Amplitude_uv": "17.0",
      "NCV_ms": "64.6"
    }
  ],
  "Electromyography": [
    {
      "Muscles": "right tibialis anterior (TA)",
      "Fibs": null,
      "Psw": null,
      "Others": "active denervation activity, with neurogenic Motor Unit Action Potential (MUAPs), rapid firing rate (RFR) recruitment and reduced interference pattern",
      "Amp": null,
      "Duration": null,
      "Polys": null,
      "Recruit": null,
      "Interference": null
    },
    {
      "Muscles": "gastrocnemius",
      "Fibs": null,
      "Psw": null,
      "Others": "active denervation activity, with neurogenic Motor Unit Action Potential (MUAPs), rapid firing rate (RFR) recruitment and reduced interference pattern",
      "Amp": null,
      "Duration": null,
      "Polys": null,
      "Recruit": null,
      "Interference": null
    },
    {
      "Muscles": "right orbicularis oris (O.Oris)",
      "Fibs": null,
      "Psw": null,
      "Others": "normal spontaneous activity, with normal Motor Unit Action Potential (MUAPs)",
      "Amp": null,
      "Duration": null,
      "Polys": null,
      "Recruit": "normal recruitment",
      "Interference": "normal interference pattern"
    },
    {
      "Muscles": "vastus lateralis (VL)",
      "Fibs": null,
      "Psw": null,
      "Others": "active denervation activity, with neurogenic Motor Unit Action Potential (MUAPs), rapid firing rate (RFR) recruitment and reduced interference pattern",
      "Amp": null,
      "Duration": null,
      "Polys": null,
      "Recruit": null,
      "Interference": null
    },
    {
      "Muscles": "i Spontaneous Activity Motor Units ita Muscles |\" Fibs | Psw | Others | Amp | Duration | Polys. | Recruit | Interference Lt.FDI [| +2 [ +2 [ None | High | Long | No | RFR_| Reduced _ (RETA [| +3 | +3 [None | ~FewHigh | FewLong | =No | Normal | = [Rt.Gastroc [ +2 | +2 [ None | FewHigh | FewLong | No | Normal | =",
      "Fibs": "Lt. FDI",
      "Psw": "NR",
      "Others": "NR",
      "Amp": "None",
      "Duration": "NR",
      "Polys": "NR",
      "Recruit": "NR",
      "Interference": "NR"
    },
    {
      "Muscles": "Rt. Orbi. Oris",
      "Fibs": "+3",
      "Psw": "+3",
      "Others": "None",
      "Amp": "-",
      "Duration": "-",
      "Polys": "-",
      "Recruit": "-",
      "Interference": "-"
    },
    {
      "Muscles": "left first dorsal interosseous (FDI) and extensor digitorum communis (EDC)",
      "Fibs": "N/A",
      "Psw": "N/A",
      "Others": "normal spontaneous activity, with neurogenic Motor Unit Action Potential (MUAPs), rapid firing rate (RFR) recruitment",
      "Amp": "N/A",
      "Duration": "N/A",
      "Polys": "N/A",
      "Recruit": "N/A",
      "Interference": "reduced interference pattern"
    }
  ]
}