{
  "Motor_Nerve_Conduction_Studies": [
    {
      "Nerve_Muscles": "\" \"",
      "Stimulus_Site": "KNEE",
      "Latency_ms": "12.5",
      "Distance_cm": "37.0",
      "Amplitude_mv": "1.2",
      "NCV_ms": "43.1"
    },
    {
      "Nerve_Muscles": "Right peroneal (TA) motor",
      "Stimulus_Site": "",
      "Latency_ms": "NR",
      "Distance_cm": "",
      "Amplitude_mv": "NR",
      "NCV_ms": "NR"
    },
    {
      "Nerve_Muscles": "Right median (APB)",
      "Stimulus_Site": "N/A",
      "Latency_ms": "normal distal latency",
      "Distance_cm": "N/A",
      "Amplitude_mv": "normal CMAP amplitude",
      "NCV_ms": "normal conduction velocity"
    },
    {
      "Nerve_Muscles": "Right ulnar motor",
      "Stimulus_Site": "",
      "Latency_ms": "NR",
      "Distance_cm": "",
      "Amplitude_mv": "NR",
      "NCV_ms": "NR"
    },
    {
      "Nerve_Muscles": "|Rt Ulnar",
      "Stimulus_Site": "NR",
      "Latency_ms": "NR",
      "Distance_cm": "NR",
      "Amplitude_mv": "| 14.0",
      "NCV_ms": "NR"
    },
    {
      "Nerve_Muscles": "Triceps",
      "Stimulus_Site": "Triceps",
      "Latency_ms": "NR",
      "Distance_cm": "NR",
      "Amplitude_mv": "NR",
      "NCV_ms": "NR"
    }
  ],
  "Sensory_Nerve_Conduction_Studies": [
    {
      "Nerve": "Lt. Ulnar",
      "Recording_Site": "F5",
      "Stimulation_Site": "W",
      "Latency_ms": "2.0",
      "Distance_cm": "12.0",
      "Amplitude_uv": "38.2",
      "NCV_ms": "60.5"
    }
  ],
  "Electromyography": [
    {
      "Muscles": "Rt. Orbi. Oris",
      "Fibs": "+3",
      "Psw": "+3",
      "Others": "None",
      "Amp": "-",
      "Duration": "-",
      "Polys": "-",
      "Recruit": "-",
      "Interference": "-"
    },
    {
      "Muscles": "Rt. VL",
      "Fibs": "++",
      "Psw": "++",
      "Others": "Nil",
      "Amp": "None",
      "Duration": "High",
      "Polys": "Long",
      "Recruit": "Ployphasic",
      "Interference": "RFR"
    },
    {
      "Muscles": "first dorsal interosseous (FDI)",
      "Fibs": null,
      "Psw": null,
      "Others": "active denervation activity, with neurogenic Motor Unit Action Potential (MUAPs), rapid firing rate (RFR) recruitment and reduced interference pattern",
      "Amp": null,
      "Duration": null,
      "Polys": null,
      "Recruit": null,
      "Interference": null
    },
    {
      "Muscles": "Rt. FDI",
      "Fibs": "++",
      "Psw": "++",
      "Others": "Nil",
      "Amp": "None",
      "Duration": "High",
      "Polys": "Long",
      "Recruit": "No",
      "Interference": "RFR"
    },
    {
      "Muscles": "Lt. Gastroc",
      "Fibs": "+",
      "Psw": "+",
      "Others": "None",
      "Amp": "High",
      "Duration": "Long",
      "Polys": "No",
      "Recruit": "RFR",
      "Interference": "Reduced"
    }
  ]
}