{
  "Motor_Nerve_Conduction_Studies": [
    {
      "Nerve_Muscles": "Lt. Ulnar ADQ",
      "Stimulus_Site": "PE",
      "Latency_ms": "7.3",
      "Distance_cm": "10.0",
      "Amplitude_mv": "7.0",
      "NCV_ms": "62.9"
    },
    {
      "Nerve_Muscles": "Rt. Peroneal TA",
      "Stimulus_Site": "PK",
      "Latency_ms": "NR",
      "Distance_cm": "NR",
      "Amplitude_mv": "NR",
      "NCV_ms": "NR"
    }
  ],
  "Sensory_Nerve_Conduction_Studies": [
    {
      "Nerve": "Bilateral median",
      "Recording_Site": null,
      "Stimulation_Site": null,
      "Latency_ms": null,
      "Distance_cm": null,
      "Amplitude_uv": null,
      "NCV_ms": "were not recordable (NR)"
    }
  ],
  "Electromyography": [
    {
      "Muscles": "left tibialis anterior (TA) and right first dorsal interosseous (FDI)",
      "Fibs": null,
      "Psw": null,
      "Others": "active denervation, with neurogenic Motor Unit Action Potential (MUAPs), rapid firing rate (RFR)",
      "Amp": null,
      "Duration": null,
      "Polys": null,
      "Recruit": "rapid firing rate (RFR)",
      "Interference": "reduced"
    },
    {
      "Muscles": "vastus lateralis (VL)",
      "Fibs": null,
      "Psw": null,
      "Others": "active denervation activity, with neurogenic Motor Unit Action Potential (MUAPs), rapid firing rate (RFR) recruitment and reduced interference pattern",
      "Amp": null,
      "Duration": null,
      "Polys": null,
      "Recruit": null,
      "Interference": null
    },
    {
      "Muscles": "right first dorsal interosseous (FDI)",
      "Fibs": null,
      "Psw": null,
      "Others": "no motor units record",
      "Amp": null,
      "Duration": null,
      "Polys": null,
      "Recruit": null,
      "Interference": null
    },
    {
      "Muscles": "left gastrocnemius",
      "Fibs": null,
      "Psw": null,
      "Others": "active denervation, with normal Motor Unit Action Potential (MUAPs), rapid firing rate (RFR)",
      "Amp": null,
      "Duration": null,
      "Polys": null,
      "Recruit": "rapid firing rate (RFR)",
      "Interference": "reduced"
    }
  ]
}