{
  "Motor_Nerve_Conduction_Studies": [
    {
      "Nerve_Muscles": "\" \"",
      "Stimulus_Site": "KNEE",
      "Latency_ms": "12.5",
      "Distance_cm": "37.0",
      "Amplitude_mv": "1.2",
      "NCV_ms": "43.1"
    },
    {
      "Nerve_Muscles": "Rt. tibial AH",
      "Stimulus_Site": "PK",
      "Latency_ms": "13.6",
      "Distance_cm": "39.0",
      "Amplitude_mv": "6.7",
      "NCV_ms": "42.2"
    },
    {
      "Nerve_Muscles": "Right ulnar motor",
      "Stimulus_Site": "",
      "Latency_ms": "NR",
      "Distance_cm": "",
      "Amplitude_mv": "NR",
      "NCV_ms": "NR"
    },
    {
      "Nerve_Muscles": "Rt. Median APB",
      "Stimulus_Site": "W",
      "Latency_ms": "3.8",
      "Distance_cm": "7.0",
      "Amplitude_mv": "5.7",
      "NCV_ms": "-"
    },
    {
      "Nerve_Muscles": "Stimulus Latenc Distance | Amplitude NCV F.LAT. Duration | Rt.MedianAPB [| Wrist [| NR | NR | NR | NR | - [| = | _Rt.UlnarADQ [Wrist [| 24 | 70 | 15 | - | - | = Pp SSS D.Elbow [727 | 24.009 5003 - PSS P.Elbow [94 | 8 |e | _RtRadialEIP | Forearm | 5.6 | 70 #2x| O05 [| - | - | =: J SS [Elbow [94 T1800 | 084 PS [Triceps | 125) | S120 S| 3 000 Ce | Rt.Post.tibial AH [Ankle [43 =| 70 =| = = 3.7 ST TC a ee ee | ee ee 7 ee ee es ee Eee |_Rt PeronealEDB [| Ankle -]| 39. | 7.0. | 30 |e de PS DKnee [119 | 35048 Pog SSS | PKnee | 138. | 2 90. | 13 | AOS de | ItMedigtAPB | Wrist | 44 | 70-43 fs ee Pe SS | Elbow, | | 10.0 |: 280 . | 09-48 | | Lt.UlnarADQ | Wrist, | 3.1 | 70 TCC PCT Elbow | 880] 40347 Pee OP Elbow | 90.8 yO) A Ad [| Lt.RadialEIP_ [Forearm [| 36 | 7.0 | 14 #,| - | - | - | a Rs = es ee << ee eee ee ea a es | ee ee eee",
      "Stimulus_Site": "Rt. Peroneal EDB",
      "Latency_ms": "NR",
      "Distance_cm": "NR",
      "Amplitude_mv": "NR",
      "NCV_ms": "NR"
    },
    {
      "Nerve_Muscles": "Nerve",
      "Stimulus_Site": "Recording Site",
      "Latency_ms": "Stimulation Site",
      "Distance_cm": "ms",
      "Amplitude_mv": "cm",
      "NCV_ms": "Amplitude Vv"
    }
  ],
  "Sensory_Nerve_Conduction_Studies": [],
  "Electromyography": [
    {
      "Muscles": "Lt. Vastus",
      "Fibs": "Nil",
      "Psw": "Nil",
      "Others": "None",
      "Amp": "Normal",
      "Duration": "Normal",
      "Polys": "No",
      "Recruit": "Normal",
      "Interference": "-"
    },
    {
      "Muscles": "left first dorsal interosseous (FDI)",
      "Fibs": "active denervation activity",
      "Psw": null,
      "Others": null,
      "Amp": null,
      "Duration": null,
      "Polys": "neurogenic Motor Unit Action Potential (MUAPs)",
      "Recruit": "rapid firing rate (RFR) recruitment",
      "Interference": "reduced interference pattern"
    },
    {
      "Muscles": "Lt. Gastroc",
      "Fibs": "Nil",
      "Psw": "Nil",
      "Others": "None",
      "Amp": "High",
      "Duration": "Long",
      "Polys": "No",
      "Recruit": "Normal",
      "Interference": "-"
    },
    {
      "Muscles": "right first dorsal interosseous (FDI)",
      "Fibs": null,
      "Psw": null,
      "Others": "no motor units record",
      "Amp": null,
      "Duration": null,
      "Polys": null,
      "Recruit": null,
      "Interference": null
    },
    {
      "Muscles": "left tibialis anterior (TA) and gastrocnemius",
      "Fibs": "N/A",
      "Psw": "N/A",
      "Others": "active denervation activity, with neurogenic Motor Unit Action Potential (MUAPs), rapid firing rate recruitment",
      "Amp": "N/A",
      "Duration": "N/A",
      "Polys": "N/A",
      "Recruit": "N/A",
      "Interference": "reduced interference pattern"
    }
  ]
}