{
  "Motor_Nerve_Conduction_Studies": [
    {
      "Nerve_Muscles": "۱۱۱۱ ۱۱",
      "Stimulus_Site": "Triceps",
      "Latency_ms": "9.4",
      "Distance_cm": "10.0",
      "Amplitude_mv": "0.9",
      "NCV_ms": "38.3"
    },
    {
      "Nerve_Muscles": "Left radial (EIP)",
      "Stimulus_Site": null,
      "Latency_ms": "normal distal latency",
      "Distance_cm": null,
      "Amplitude_mv": "low CMAP amplitude",
      "NCV_ms": "slow conduction velocity"
    }
  ],
  "Sensory_Nerve_Conduction_Studies": [],
  "Electromyography": [
    {
      "Muscles": "Lt. EDC",
      "Fibs": "Nil",
      "Psw": "Nil",
      "Others": "None",
      "Amp": "High",
      "Duration": "Long",
      "Polys": "No",
      "Recruit": "RFR",
      "Interference": "Reduced"
    },
    {
      "Muscles": "left first dorsal interosseous (FDI)",
      "Fibs": "active denervation activity",
      "Psw": null,
      "Others": null,
      "Amp": null,
      "Duration": null,
      "Polys": "neurogenic Motor Unit Action Potential (MUAPs)",
      "Recruit": "rapid firing rate (RFR) recruitment",
      "Interference": "reduced interference pattern"
    },
    {
      "Muscles": "Rt. TA",
      "Fibs": "++",
      "Psw": "++",
      "Others": "None",
      "Amp": "High",
      "Duration": "Long",
      "Polys": "No",
      "Recruit": "RFR",
      "Interference": "Reduced"
    },
    {
      "Muscles": "right tibialis anterior (TA)",
      "Fibs": null,
      "Psw": null,
      "Others": "neurogenic Motor Unit Action Potential (MUAPs), rapid firing rate recruitment and reduced interference pattern",
      "Amp": null,
      "Duration": null,
      "Polys": null,
      "Recruit": null,
      "Interference": null
    },
    {
      "Muscles": "first dorsal interosseous (FDI)",
      "Fibs": null,
      "Psw": null,
      "Others": "active denervation activity, with neurogenic Motor Unit Action Potential (MUAPs), rapid firing rate (RFR) recruitment and reduced interference pattern",
      "Amp": null,
      "Duration": null,
      "Polys": null,
      "Recruit": null,
      "Interference": null
    },
    {
      "Muscles": "right tibialis anterior (TA) and gastrocnemius",
      "Fibs": "active denervation activity",
      "Psw": null,
      "Others": null,
      "Amp": null,
      "Duration": null,
      "Polys": "neurogenic Motor Unit Action Potential (MUAPs)",
      "Recruit": "normal recruitment",
      "Interference": "normal interference pattern"
    }
  ]
}