{
  "Motor_Nerve_Conduction_Studies": [
    {
      "Nerve_Muscles": "Lt. Peroneal TA",
      "Stimulus_Site": "D. KNEE",
      "Latency_ms": "2.7",
      "Distance_cm": "7.0",
      "Amplitude_mv": "0.9",
      "NCV_ms": "-"
    },
    {
      "Nerve_Muscles": "ee 6 SPSS ORD S Se ST ea SES CT Sk OS RE I Pi Sa",
      "Stimulus_Site": "NR",
      "Latency_ms": "NR",
      "Distance_cm": "NR",
      "Amplitude_mv": "NR",
      "NCV_ms": "NR"
    },
    {
      "Nerve_Muscles": "Bilateral ulnar (ADQ)",
      "Stimulus_Site": null,
      "Latency_ms": "normal distal latencies",
      "Distance_cm": null,
      "Amplitude_mv": "low CMAP amplitudes",
      "NCV_ms": "slow conduction velocities"
    },
    {
      "Nerve_Muscles": "Nerve",
      "Stimulus_Site": "Recording Site",
      "Latency_ms": "Stimulation Site",
      "Distance_cm": "ms",
      "Amplitude_mv": "cm",
      "NCV_ms": "Amplitude Vv"
    },
    {
      "Nerve_Muscles": "'' '' '' '' ''",
      "Stimulus_Site": "P. KNEE",
      "Latency_ms": "4.4",
      "Distance_cm": "9.0",
      "Amplitude_mv": "0.9",
      "NCV_ms": "49.5"
    },
    {
      "Nerve_Muscles": "Right ulnar (ADQ)",
      "Stimulus_Site": null,
      "Latency_ms": null,
      "Distance_cm": null,
      "Amplitude_mv": null,
      "NCV_ms": null
    }
  ],
  "Sensory_Nerve_Conduction_Studies": [
    {
      "Nerve": "Right sural sensory nerve",
      "Recording_Site": null,
      "Stimulation_Site": null,
      "Latency_ms": "normal peak latency",
      "Distance_cm": null,
      "Amplitude_uv": "normal SNAP amplitude",
      "NCV_ms": "normal conduction velocity"
    },
    {
      "Nerve": "Bilateral ulnar (F5)",
      "Recording_Site": null,
      "Stimulation_Site": null,
      "Latency_ms": null,
      "Distance_cm": null,
      "Amplitude_uv": null,
      "NCV_ms": null
    },
    {
      "Nerve": "Rt. Ulnar",
      "Recording_Site": "F5",
      "Stimulation_Site": "W",
      "Latency_ms": "2.0",
      "Distance_cm": "12.0",
      "Amplitude_uv": "29.6",
      "NCV_ms": "59.5"
    },
    {
      "Nerve": "Bilateral ulnar",
      "Recording_Site": null,
      "Stimulation_Site": "(F5)",
      "Latency_ms": "normal peak latencies",
      "Distance_cm": null,
      "Amplitude_uv": "normal SNAP amplitudes",
      "NCV_ms": "normal conduction velocities"
    }
  ],
  "Electromyography": [
    {
      "Muscles": "Rt. Biceps",
      "Fibs": "Nil",
      "Psw": "Nil",
      "Others": "None",
      "Amp": "Normal",
      "Duration": "Normal",
      "Polys": "No",
      "Recruit": "Normal",
      "Interference": "-"
    },
    {
      "Muscles": "Rt. Triceps",
      "Fibs": "Nil",
      "Psw": "Nil",
      "Others": "None",
      "Amp": "Normal",
      "Duration": "Normal",
      "Polys": "No",
      "Recruit": "Normal",
      "Interference": "-"
    },
    {
      "Muscles": "gastrocnemius",
      "Fibs": null,
      "Psw": null,
      "Others": "active denervation activity, with neurogenic Motor Unit Action Potential (MUAPs), rapid firing rate (RFR) recruitment and reduced interference pattern",
      "Amp": null,
      "Duration": null,
      "Polys": null,
      "Recruit": null,
      "Interference": null
    },
    {
      "Muscles": "first dorsal interosseous (FDI)",
      "Fibs": null,
      "Psw": null,
      "Others": "active denervation activity, with neurogenic Motor Unit Action Potential (MUAPs), rapid firing rate (RFR) recruitment and reduced interference pattern",
      "Amp": null,
      "Duration": null,
      "Polys": null,
      "Recruit": null,
      "Interference": null
    },
    {
      "Muscles": "NR",
      "Fibs": "NR",
      "Psw": "NR",
      "Others": "NR",
      "Amp": "| Duration |",
      "Duration": "NR",
      "Polys": "NR",
      "Recruit": "NR",
      "Interference": "NR"
    }
  ]
}