{
  "Motor_Nerve_Conduction_Studies": [
    {
      "Nerve_Muscles": "D. Elbow",
      "Stimulus_Site": "D. Elbow",
      "Latency_ms": "NR",
      "Distance_cm": "NR",
      "Amplitude_mv": "NR",
      "NCV_ms": "NR"
    },
    {
      "Nerve_Muscles": "P,. Elbow",
      "Stimulus_Site": "P,. Elbow",
      "Latency_ms": "NR",
      "Distance_cm": "NR",
      "Amplitude_mv": "NR",
      "NCV_ms": "NR"
    },
    {
      "Nerve_Muscles": "۱۱۱۱ ۱۱",
      "Stimulus_Site": "Triceps",
      "Latency_ms": "9.4",
      "Distance_cm": "10.0",
      "Amplitude_mv": "0.9",
      "NCV_ms": "38.3"
    },
    {
      "Nerve_Muscles": "Stimulus Latenc Distance | Amplitude NCV F.LAT. Duration | Rt.MedianAPB [| Wrist [| NR | NR | NR | NR | - [| = | _Rt.UlnarADQ [Wrist [| 24 | 70 | 15 | - | - | = Pp SSS D.Elbow [727 | 24.009 5003 - PSS P.Elbow [94 | 8 |e | _RtRadialEIP | Forearm | 5.6 | 70 #2x| O05 [| - | - | =: J SS [Elbow [94 T1800 | 084 PS [Triceps | 125) | S120 S| 3 000 Ce | Rt.Post.tibial AH [Ankle [43 =| 70 =| = = 3.7 ST TC a ee ee | ee ee 7 ee ee es ee Eee |_Rt PeronealEDB [| Ankle -]| 39. | 7.0. | 30 |e de PS DKnee [119 | 35048 Pog SSS | PKnee | 138. | 2 90. | 13 | AOS de | ItMedigtAPB | Wrist | 44 | 70-43 fs ee Pe SS | Elbow, | | 10.0 |: 280 . | 09-48 | | Lt.UlnarADQ | Wrist, | 3.1 | 70 TCC PCT Elbow | 880] 40347 Pee OP Elbow | 90.8 yO) A Ad [| Lt.RadialEIP_ [Forearm [| 36 | 7.0 | 14 #,| - | - | - | a Rs = es ee << ee eee ee ea a es | ee ee eee",
      "Stimulus_Site": "Rt. Peroneal EDB",
      "Latency_ms": "NR",
      "Distance_cm": "NR",
      "Amplitude_mv": "NR",
      "NCV_ms": "NR"
    }
  ],
  "Sensory_Nerve_Conduction_Studies": [
    {
      "Nerve": "Bilateral ulnar",
      "Recording_Site": null,
      "Stimulation_Site": "(F5)",
      "Latency_ms": "normal peak latencies",
      "Distance_cm": null,
      "Amplitude_uv": "normal SNAP amplitudes",
      "NCV_ms": "normal conduction velocities"
    },
    {
      "Nerve": "Right median",
      "Recording_Site": "(F2)",
      "Stimulation_Site": "N/A",
      "Latency_ms": "normal peak latency",
      "Distance_cm": "N/A",
      "Amplitude_uv": "normal SNAP amplitude",
      "NCV_ms": "normal conduction velocity"
    },
    {
      "Nerve": "Rt. Ulnar",
      "Recording_Site": "F5",
      "Stimulation_Site": "WRIST",
      "Latency_ms": "2.3",
      "Distance_cm": "14.0",
      "Amplitude_uv": "33.2",
      "NCV_ms": "62.0"
    }
  ],
  "Electromyography": [
    {
      "Muscles": "Rt. Orbi. Oris",
      "Fibs": "+3",
      "Psw": "+3",
      "Others": "None",
      "Amp": "-",
      "Duration": "-",
      "Polys": "-",
      "Recruit": "-",
      "Interference": "-"
    },
    {
      "Muscles": "Rt. Gastroc",
      "Fibs": "+2",
      "Psw": "+2",
      "Others": "None",
      "Amp": "Few High",
      "Duration": "Few Long",
      "Polys": "No",
      "Recruit": "Normal",
      "Interference": "-"
    },
    {
      "Muscles": "Lt. Vastus",
      "Fibs": "Nil",
      "Psw": "Nil",
      "Others": "None",
      "Amp": "Normal",
      "Duration": "Normal",
      "Polys": "No",
      "Recruit": "Normal",
      "Interference": "-"
    },
    {
      "Muscles": "N/A",
      "Fibs": "N/A",
      "Psw": "N/A",
      "Others": "N/A",
      "Amp": "N/A",
      "Duration": "N/A",
      "Polys": "N/A",
      "Recruit": "N/A",
      "Interference": "N/A"
    },
    {
      "Muscles": "right first dorsal interosseous (FDI), biceps, and tibialis anterior (TA)",
      "Fibs": null,
      "Psw": null,
      "Others": "active denervation activity, with neurogenic Motor Unit Action Potential (MUAPs)",
      "Amp": null,
      "Duration": null,
      "Polys": null,
      "Recruit": "rapid firing rate (RFR) recruitment",
      "Interference": "reduced interference pattern"
    },
    {
      "Muscles": "right vastus lateralis (VL)",
      "Fibs": null,
      "Psw": null,
      "Others": "active denervation activity, with normal Motor Unit Action Potential (MUAPs)",
      "Amp": null,
      "Duration": null,
      "Polys": null,
      "Recruit": "normal recruitment",
      "Interference": "normal interference pattern"
    },
    {
      "Muscles": "Rt. Biceps",
      "Fibs": "Nil",
      "Psw": "Nil",
      "Others": "None",
      "Amp": "Normal",
      "Duration": "Normal",
      "Polys": "No",
      "Recruit": "Normal",
      "Interference": "-"
    },
    {
      "Muscles": "right first dorsal interosseous (FDI)",
      "Fibs": null,
      "Psw": null,
      "Others": "no motor units record",
      "Amp": null,
      "Duration": null,
      "Polys": null,
      "Recruit": null,
      "Interference": null
    }
  ]
}