{
  "Motor_Nerve_Conduction_Studies": [
    {
      "Nerve_Muscles": "Nerve",
      "Stimulus_Site": "Recording Site",
      "Latency_ms": "Stimulation Site",
      "Distance_cm": "ms",
      "Amplitude_mv": "cm",
      "NCV_ms": "Amplitude Vv"
    },
    {
      "Nerve_Muscles": "........",
      "Stimulus_Site": "Elbow",
      "Latency_ms": "6.8",
      "Distance_cm": "11.0",
      "Amplitude_mv": "0.9",
      "NCV_ms": "35.2"
    },
    {
      "Nerve_Muscles": "Triceps",
      "Stimulus_Site": "Triceps",
      "Latency_ms": "NR",
      "Distance_cm": "NR",
      "Amplitude_mv": "NR",
      "NCV_ms": "NR"
    }
  ],
  "Sensory_Nerve_Conduction_Studies": [
    {
      "Nerve": "Rt. Median",
      "Recording_Site": "F2",
      "Stimulation_Site": "WRIST",
      "Latency_ms": "2.7",
      "Distance_cm": "13.0",
      "Amplitude_uv": "38.0",
      "NCV_ms": "47.3"
    },
    {
      "Nerve": "Left sural",
      "Recording_Site": null,
      "Stimulation_Site": null,
      "Latency_ms": "normal peak",
      "Distance_cm": null,
      "Amplitude_uv": "normal SNAP",
      "NCV_ms": "normal"
    }
  ],
  "Electromyography": [
    {
      "Muscles": "NR",
      "Fibs": "NR",
      "Psw": "NR",
      "Others": "NR",
      "Amp": "| Duration |",
      "Duration": "NR",
      "Polys": "NR",
      "Recruit": "NR",
      "Interference": "NR"
    },
    {
      "Muscles": "Rt. Biceps",
      "Fibs": "++",
      "Psw": "++",
      "Others": "Nil",
      "Amp": "None",
      "Duration": "High",
      "Polys": "Long",
      "Recruit": "No",
      "Interference": "RFR"
    },
    {
      "Muscles": "i Spontaneous Activity Motor Units ita Muscles |\" Fibs | Psw | Others | Amp | Duration | Polys. | Recruit | Interference Lt.FDI [| +2 [ +2 [ None | High | Long | No | RFR_| Reduced _ (RETA [| +3 | +3 [None | ~FewHigh | FewLong | =No | Normal | = [Rt.Gastroc [ +2 | +2 [ None | FewHigh | FewLong | No | Normal | =",
      "Fibs": "Lt. FDI",
      "Psw": "NR",
      "Others": "NR",
      "Amp": "None",
      "Duration": "NR",
      "Polys": "NR",
      "Recruit": "NR",
      "Interference": "NR"
    },
    {
      "Muscles": "Rt. Triceps",
      "Fibs": "Nil",
      "Psw": "Nil",
      "Others": "None",
      "Amp": "Normal",
      "Duration": "Normal",
      "Polys": "No",
      "Recruit": "Normal",
      "Interference": "-"
    },
    {
      "Muscles": "Lt. FDI",
      "Fibs": "+2",
      "Psw": "+2",
      "Others": "None",
      "Amp": "High",
      "Duration": "Long",
      "Polys": "No",
      "Recruit": "RFR",
      "Interference": "Reduced"
    },
    {
      "Muscles": "first dorsal interosseous (FDI)",
      "Fibs": null,
      "Psw": null,
      "Others": "active denervation activity, with neurogenic Motor Unit Action Potential (MUAPs), rapid firing rate (RFR) recruitment and reduced interference pattern",
      "Amp": null,
      "Duration": null,
      "Polys": null,
      "Recruit": null,
      "Interference": null
    }
  ]
}