{
  "Motor_Nerve_Conduction_Studies": [
    {
      "Nerve_Muscles": "Right median (APB) motor",
      "Stimulus_Site": "",
      "Latency_ms": "normal",
      "Distance_cm": "",
      "Amplitude_mv": "low",
      "NCV_ms": "normal"
    },
    {
      "Nerve_Muscles": "Right radial (EIP)",
      "Stimulus_Site": null,
      "Latency_ms": "prolonged distal latency",
      "Distance_cm": null,
      "Amplitude_mv": "low CMAP amplitude",
      "NCV_ms": "slow conduction velocity"
    },
    {
      "Nerve_Muscles": "Right posterior tibial (AH)",
      "Stimulus_Site": null,
      "Latency_ms": "normal distal latency",
      "Distance_cm": null,
      "Amplitude_mv": "low CMAP amplitude",
      "NCV_ms": "normal conduction velocity"
    },
    {
      "Nerve_Muscles": "Lt. Peroneal EDB",
      "Stimulus_Site": "ANKLE",
      "Latency_ms": "2.8",
      "Distance_cm": "7.0",
      "Amplitude_mv": "1.9",
      "NCV_ms": "-"
    }
  ],
  "Sensory_Nerve_Conduction_Studies": [
    {
      "Nerve": "Right median",
      "Recording_Site": "",
      "Stimulation_Site": "F2",
      "Latency_ms": "NR",
      "Distance_cm": "",
      "Amplitude_uv": "NR",
      "NCV_ms": "NR"
    }
  ],
  "Electromyography": [
    {
      "Muscles": "right biceps",
      "Fibs": null,
      "Psw": null,
      "Others": "active denervation, with normal Motor Unit Action Potential (MUAPs)",
      "Amp": null,
      "Duration": null,
      "Polys": null,
      "Recruit": "normal",
      "Interference": "normal"
    },
    {
      "Muscles": "biceps",
      "Fibs": null,
      "Psw": null,
      "Others": "active denervation activity, with neurogenic Motor Unit Action Potential (MUAPs), rapid firing rate (RFR) recruitment and reduced interference pattern",
      "Amp": null,
      "Duration": null,
      "Polys": null,
      "Recruit": null,
      "Interference": null
    },
    {
      "Muscles": "NR",
      "Fibs": "NR",
      "Psw": "NR",
      "Others": "None",
      "Amp": "NR",
      "Duration": "NR",
      "Polys": "NR",
      "Recruit": "NR",
      "Interference": "ete tae ee"
    },
    {
      "Muscles": "Rt. O. Oris",
      "Fibs": "Nil",
      "Psw": "Nil",
      "Others": "None",
      "Amp": "Normal",
      "Duration": "Normal",
      "Polys": "No",
      "Recruit": "Normal",
      "Interference": "-"
    },
    {
      "Muscles": "right tibialis anterior (TA) and gastrocnemius",
      "Fibs": "active denervation activity",
      "Psw": null,
      "Others": null,
      "Amp": null,
      "Duration": null,
      "Polys": "neurogenic Motor Unit Action Potential (MUAPs)",
      "Recruit": "normal recruitment",
      "Interference": "normal interference pattern"
    },
    {
      "Muscles": "right tibialis anterior (TA)",
      "Fibs": null,
      "Psw": null,
      "Others": "neurogenic Motor Unit Action Potential (MUAPs), rapid firing rate recruitment and reduced interference pattern",
      "Amp": null,
      "Duration": null,
      "Polys": null,
      "Recruit": null,
      "Interference": null
    },
    {
      "Muscles": "right first dorsal interosseous (FDI)",
      "Fibs": null,
      "Psw": null,
      "Others": "no motor units record",
      "Amp": null,
      "Duration": null,
      "Polys": null,
      "Recruit": null,
      "Interference": null
    }
  ]
}