{
  "Motor_Nerve_Conduction_Studies": [
    {
      "Nerve_Muscles": "\" \" \" \" \" \"",
      "Stimulus_Site": "KNEE",
      "Latency_ms": "11.9",
      "Distance_cm": "37.0",
      "Amplitude_mv": "2.4",
      "NCV_ms": "47.2"
    },
    {
      "Nerve_Muscles": "Rt. Ulnar ADQ",
      "Stimulus_Site": "DE",
      "Latency_ms": "NR",
      "Distance_cm": "NR",
      "Amplitude_mv": "NR",
      "NCV_ms": "NR"
    },
    {
      "Nerve_Muscles": "........",
      "Stimulus_Site": "Elbow",
      "Latency_ms": "6.8",
      "Distance_cm": "11.0",
      "Amplitude_mv": "0.9",
      "NCV_ms": "35.2"
    },
    {
      "Nerve_Muscles": "",
      "Stimulus_Site": "KNEE",
      "Latency_ms": "15.2",
      "Distance_cm": "41.0",
      "Amplitude_mv": "2.0",
      "NCV_ms": "39.4"
    },
    {
      "Nerve_Muscles": "“ “ “ “",
      "Stimulus_Site": "Knee",
      "Latency_ms": "13.3",
      "Distance_cm": "45.0",
      "Amplitude_mv": "2.4",
      "NCV_ms": "49.8"
    },
    {
      "Nerve_Muscles": "Right peroneal (EDB)",
      "Stimulus_Site": "N/A",
      "Latency_ms": "normal distal latency",
      "Distance_cm": "N/A",
      "Amplitude_mv": "low CMAP amplitude",
      "NCV_ms": "slow conduction velocity"
    }
  ],
  "Sensory_Nerve_Conduction_Studies": [
    {
      "Nerve": "Right sural sensory nerve",
      "Recording_Site": null,
      "Stimulation_Site": null,
      "Latency_ms": "normal peak latency",
      "Distance_cm": null,
      "Amplitude_uv": "normal SNAP amplitude",
      "NCV_ms": "normal conduction velocity"
    },
    {
      "Nerve": "Right sural",
      "Recording_Site": null,
      "Stimulation_Site": null,
      "Latency_ms": null,
      "Distance_cm": null,
      "Amplitude_uv": null,
      "NCV_ms": null
    },
    {
      "Nerve": "Rt. Sural",
      "Recording_Site": "Ankle",
      "Stimulation_Site": "Calf",
      "Latency_ms": "2.8",
      "Distance_cm": "14.0",
      "Amplitude_uv": "15.0",
      "NCV_ms": "50.4"
    },
    {
      "Nerve": "Rt. Ulnar",
      "Recording_Site": "F5",
      "Stimulation_Site": "Wrist",
      "Latency_ms": "2.2",
      "Distance_cm": "14.0",
      "Amplitude_uv": "17.0",
      "NCV_ms": "64.6"
    }
  ],
  "Electromyography": [
    {
      "Muscles": "Rt. Biceps",
      "Fibs": "Nil",
      "Psw": "Nil",
      "Others": "None",
      "Amp": "Normal",
      "Duration": "Normal",
      "Polys": "No",
      "Recruit": "Normal",
      "Interference": "-"
    },
    {
      "Muscles": "right orbicularis oris (Orbi. Oris)",
      "Fibs": null,
      "Psw": null,
      "Others": null,
      "Amp": null,
      "Duration": null,
      "Polys": null,
      "Recruit": null,
      "Interference": null
    },
    {
      "Muscles": "Lt. FDI",
      "Fibs": "+2",
      "Psw": "+2",
      "Others": "None",
      "Amp": "High",
      "Duration": "Long",
      "Polys": "No",
      "Recruit": "RFR",
      "Interference": "Reduced"
    },
    {
      "Muscles": "NR",
      "Fibs": "NR",
      "Psw": "NR",
      "Others": "NR",
      "Amp": "| Duration |",
      "Duration": "NR",
      "Polys": "NR",
      "Recruit": "NR",
      "Interference": "NR"
    },
    {
      "Muscles": "Rt. Orbi. Oris",
      "Fibs": "+3",
      "Psw": "+3",
      "Others": "None",
      "Amp": "-",
      "Duration": "-",
      "Polys": "-",
      "Recruit": "-",
      "Interference": "-"
    },
    {
      "Muscles": "right tibialis anterior (TA)",
      "Fibs": null,
      "Psw": null,
      "Others": "neurogenic Motor Unit Action Potential (MUAPs), rapid firing rate recruitment and reduced interference pattern",
      "Amp": null,
      "Duration": null,
      "Polys": null,
      "Recruit": null,
      "Interference": null
    }
  ]
}