{
  "Motor_Nerve_Conduction_Studies": [
    {
      "Nerve_Muscles": "Bilateral ulnar (ADQ)",
      "Stimulus_Site": null,
      "Latency_ms": "normal distal latencies",
      "Distance_cm": null,
      "Amplitude_mv": "low CMAP amplitudes",
      "NCV_ms": "normal conduction velocities"
    },
    {
      "Nerve_Muscles": "Lt. Radial EIP",
      "Stimulus_Site": "Forearm",
      "Latency_ms": "3.6",
      "Distance_cm": "7.0",
      "Amplitude_mv": "1.4",
      "NCV_ms": "-"
    },
    {
      "Nerve_Muscles": "Rt. Median APB",
      "Stimulus_Site": "E",
      "Latency_ms": "6.1",
      "Distance_cm": "23.0",
      "Amplitude_mv": "8.3",
      "NCV_ms": "66.4"
    },
    {
      "Nerve_Muscles": "P,. Elbow",
      "Stimulus_Site": "P,. Elbow",
      "Latency_ms": "NR",
      "Distance_cm": "NR",
      "Amplitude_mv": "NR",
      "NCV_ms": "NR"
    },
    {
      "Nerve_Muscles": "“ “ “ “ “",
      "Stimulus_Site": "P. ELBOW",
      "Latency_ms": "8.9",
      "Distance_cm": "10.0",
      "Amplitude_mv": "5.7",
      "NCV_ms": "65.2"
    }
  ],
  "Sensory_Nerve_Conduction_Studies": [
    {
      "Nerve": "Rt. Ulnar",
      "Recording_Site": "F5",
      "Stimulation_Site": "W",
      "Latency_ms": "2.1",
      "Distance_cm": "12.0",
      "Amplitude_uv": "10.2",
      "NCV_ms": "57.8"
    },
    {
      "Nerve": "Lt. Median",
      "Recording_Site": "F2",
      "Stimulation_Site": "WRIST",
      "Latency_ms": "2.9",
      "Distance_cm": "14.0",
      "Amplitude_uv": "29.6",
      "NCV_ms": "46.3"
    },
    {
      "Nerve": "Right sural sensory nerve",
      "Recording_Site": null,
      "Stimulation_Site": null,
      "Latency_ms": "normal peak latency",
      "Distance_cm": null,
      "Amplitude_uv": "normal SNAP amplitude",
      "NCV_ms": "normal conduction velocity"
    }
  ],
  "Electromyography": [
    {
      "Muscles": "right biceps",
      "Fibs": null,
      "Psw": null,
      "Others": "active denervation, with normal Motor Unit Action Potential (MUAPs)",
      "Amp": null,
      "Duration": null,
      "Polys": null,
      "Recruit": "normal",
      "Interference": "normal"
    },
    {
      "Muscles": "left first dorsal interosseous (FDI) and extensor digitorum communis (EDC)",
      "Fibs": "N/A",
      "Psw": "N/A",
      "Others": "normal spontaneous activity, with neurogenic Motor Unit Action Potential (MUAPs), rapid firing rate (RFR) recruitment",
      "Amp": "N/A",
      "Duration": "N/A",
      "Polys": "N/A",
      "Recruit": "N/A",
      "Interference": "reduced interference pattern"
    },
    {
      "Muscles": "Rt. FDI",
      "Fibs": "+",
      "Psw": "+",
      "Others": "None",
      "Amp": "High",
      "Duration": "Long",
      "Polys": "No",
      "Recruit": "Normal",
      "Interference": "-"
    },
    {
      "Muscles": "right tibialis anterior (TA) and gastrocnemius",
      "Fibs": "active denervation activity",
      "Psw": null,
      "Others": null,
      "Amp": null,
      "Duration": null,
      "Polys": "neurogenic Motor Unit Action Potential (MUAPs)",
      "Recruit": "normal recruitment",
      "Interference": "normal interference pattern"
    },
    {
      "Muscles": "Rt. TPS",
      "Fibs": "TD",
      "Psw": "TD",
      "Others": "TD",
      "Amp": "TD",
      "Duration": "-",
      "Polys": "-",
      "Recruit": "-",
      "Interference": "-"
    },
    {
      "Muscles": "left first dorsal interosseous (FDI)",
      "Fibs": "active denervation activity",
      "Psw": null,
      "Others": null,
      "Amp": null,
      "Duration": null,
      "Polys": "neurogenic Motor Unit Action Potential (MUAPs)",
      "Recruit": "rapid firing rate (RFR) recruitment",
      "Interference": "reduced interference pattern"
    },
    {
      "Muscles": "right vastus lateralis (VL)",
      "Fibs": null,
      "Psw": null,
      "Others": "active denervation activity, with normal Motor Unit Action Potential (MUAPs)",
      "Amp": null,
      "Duration": null,
      "Polys": null,
      "Recruit": "normal recruitment",
      "Interference": "normal interference pattern"
    },
    {
      "Muscles": "gastrocnemius",
      "Fibs": null,
      "Psw": null,
      "Others": "active denervation activity, with neurogenic Motor Unit Action Potential (MUAPs), rapid firing rate (RFR) recruitment and reduced interference pattern",
      "Amp": null,
      "Duration": null,
      "Polys": null,
      "Recruit": null,
      "Interference": null
    }
  ]
}