{
  "Motor_Nerve_Conduction_Studies": [
    {
      "Nerve_Muscles": "Right peroneal (TA) motor",
      "Stimulus_Site": "",
      "Latency_ms": "NR",
      "Distance_cm": "",
      "Amplitude_mv": "NR",
      "NCV_ms": "NR"
    },
    {
      "Nerve_Muscles": "Bilateral ulnar (ADQ)",
      "Stimulus_Site": null,
      "Latency_ms": "normal distal latencies",
      "Distance_cm": null,
      "Amplitude_mv": "low CMAP amplitudes",
      "NCV_ms": "slow conduction velocities"
    },
    {
      "Nerve_Muscles": "Lt. Post. tibial AH",
      "Stimulus_Site": "K",
      "Latency_ms": "11.0",
      "Distance_cm": "41.0",
      "Amplitude_mv": "12.4",
      "NCV_ms": "53.5"
    },
    {
      "Nerve_Muscles": "",
      "Stimulus_Site": "P. KNEE",
      "Latency_ms": "18.6",
      "Distance_cm": "9.0",
      "Amplitude_mv": "1.4",
      "NCV_ms": "40.1"
    }
  ],
  "Sensory_Nerve_Conduction_Studies": [
    {
      "Nerve": "Bilateral ulnar (F5)",
      "Recording_Site": null,
      "Stimulation_Site": null,
      "Latency_ms": null,
      "Distance_cm": null,
      "Amplitude_uv": null,
      "NCV_ms": null
    }
  ],
  "Electromyography": [
    {
      "Muscles": "Lt. EDC",
      "Fibs": "Nil",
      "Psw": "Nil",
      "Others": "None",
      "Amp": "High",
      "Duration": "Long",
      "Polys": "No",
      "Recruit": "RFR",
      "Interference": "Reduced"
    },
    {
      "Muscles": "Rt. FDI",
      "Fibs": "Nil",
      "Psw": "Nil",
      "Others": "None",
      "Amp": "Normal",
      "Duration": "Normal",
      "Polys": "No",
      "Recruit": "Normal",
      "Interference": "-"
    },
    {
      "Muscles": "NR",
      "Fibs": "NR",
      "Psw": "NR",
      "Others": "None",
      "Amp": "NR",
      "Duration": "NR",
      "Polys": "NR",
      "Recruit": "NR",
      "Interference": "ete tae ee"
    },
    {
      "Muscles": "right tibialis anterior (TA) and gastrocnemius",
      "Fibs": "active denervation activity",
      "Psw": null,
      "Others": null,
      "Amp": null,
      "Duration": null,
      "Polys": "neurogenic Motor Unit Action Potential (MUAPs)",
      "Recruit": "normal recruitment",
      "Interference": "normal interference pattern"
    },
    {
      "Muscles": "Lt. Vastus",
      "Fibs": "Nil",
      "Psw": "Nil",
      "Others": "None",
      "Amp": "Normal",
      "Duration": "Normal",
      "Polys": "No",
      "Recruit": "Normal",
      "Interference": "-"
    },
    {
      "Muscles": "Lt. TA",
      "Fibs": "Nil",
      "Psw": "Nil",
      "Others": "None",
      "Amp": "High",
      "Duration": "Long",
      "Polys": "No",
      "Recruit": "Normal",
      "Interference": "-"
    },
    {
      "Muscles": "right biceps",
      "Fibs": "N/A",
      "Psw": "N/A",
      "Others": "normal spontaneous activity, with normal Motor Unit Action Potential (MUAPs), rapid firing rate (RFR) recruitment",
      "Amp": "N/A",
      "Duration": "N/A",
      "Polys": "N/A",
      "Recruit": "N/A",
      "Interference": "reduced interference pattern"
    },
    {
      "Muscles": "vastus lateralis (VL)",
      "Fibs": null,
      "Psw": null,
      "Others": "active denervation activity, with neurogenic Motor Unit Action Potential (MUAPs), rapid firing rate (RFR) recruitment and reduced interference pattern",
      "Amp": null,
      "Duration": null,
      "Polys": null,
      "Recruit": null,
      "Interference": null
    }
  ]
}