{
  "Motor_Nerve_Conduction_Studies": [
    {
      "Nerve_Muscles": "Stimulus site",
      "Stimulus_Site": "Stimulus site",
      "Latency_ms": "ms",
      "Distance_cm": "cm",
      "Amplitude_mv": "Amplitude mv",
      "NCV_ms": "ms"
    },
    {
      "Nerve_Muscles": "Right ulnar (ADQ)",
      "Stimulus_Site": "N/A",
      "Latency_ms": "normal distal latency",
      "Distance_cm": "N/A",
      "Amplitude_mv": "normal CMAP amplitude",
      "NCV_ms": "normal conduction velocity"
    },
    {
      "Nerve_Muscles": "Rt. Peroneal EDB",
      "Stimulus_Site": "PK",
      "Latency_ms": "15.2",
      "Distance_cm": "10.0",
      "Amplitude_mv": "5.0",
      "NCV_ms": "50.3"
    }
  ],
  "Sensory_Nerve_Conduction_Studies": [],
  "Electromyography": [
    {
      "Muscles": "Rt. VL",
      "Fibs": "Nil",
      "Psw": "Nil",
      "Others": "None",
      "Amp": "Normal",
      "Duration": "Normal",
      "Polys": "No",
      "Recruit": "Normal",
      "Interference": "-"
    },
    {
      "Muscles": "i Spontaneous Activity Motor Units ita Muscles |\" Fibs | Psw | Others | Amp | Duration | Polys. | Recruit | Interference Lt.FDI [| +2 [ +2 [ None | High | Long | No | RFR_| Reduced _ (RETA [| +3 | +3 [None | ~FewHigh | FewLong | =No | Normal | = [Rt.Gastroc [ +2 | +2 [ None | FewHigh | FewLong | No | Normal | =",
      "Fibs": "Lt. FDI",
      "Psw": "NR",
      "Others": "NR",
      "Amp": "None",
      "Duration": "NR",
      "Polys": "NR",
      "Recruit": "NR",
      "Interference": "NR"
    },
    {
      "Muscles": "Rt. Orbi. Oris",
      "Fibs": "+3",
      "Psw": "+3",
      "Others": "None",
      "Amp": "-",
      "Duration": "-",
      "Polys": "-",
      "Recruit": "-",
      "Interference": "-"
    },
    {
      "Muscles": "Lt. FDI",
      "Fibs": "+2",
      "Psw": "+2",
      "Others": "None",
      "Amp": "High",
      "Duration": "Long",
      "Polys": "No",
      "Recruit": "RFR",
      "Interference": "Reduced"
    }
  ]
}